URI,CANONICAL,STATUS,PAGE_CODE,CATEGORY_CODE,PRODUCT_CODE,FEED_CODE
/mens-timberland-pro-ridgework-composite-safety-toe.html,Yes,200,,,A1KBW,
/mens-timberland-pro-ridgework-composite-safety-toe-1625.html,Yes,200,,,A1KBO,
/mens-timberland-pro-ridgework-low-composite-safety-toe.html,Yes,200,,,A1Q2P,
/mens-timberland-pro-euro-hiker-6-alloy-safety-toe-waterproof.html,Yes,200,,,A1HC5,
/mens-timberland-pro-boldon-oxford-alloy-safety-toe.html,Yes,200,,,A1KOV,
/mens-timberland-pro-titan-oxford-alloy-safety-toe.html,Yes,200,,,40044,
/mens-timberland-pro-titan-oxford-alloy-safety-toe-1630.html,Yes,200,,,47028,
/mens-timberland-pro-titan-oxford-soft-toe.html,Yes,200,,,47015,
/mens-timberland-pro-gladstone-steel-safety-toe.html,Yes,200,,,85590,
/men-timberland-pro-gladstone-steel-safety-toe-slip-on.html,Yes,200,,,86509,
/mens-timberland-pro-drivetrain-composite-safety-toe.html,Yes,200,,,A1ORR,
/mens-timberland-pro-powertrain-sport-alloy-safety-toe.html,Yes,200,,,A1GTK9,
/mens-timberland-pro-powertrain-sport-alloy-safety-toe-1636.html,Yes,200,,,A1B6U,
/mens-timberland-pro-powertrain-sport-soft-toe.html,Yes,200,,,A1GVG,
/mens-timberland-pro-powertrain-sport-alloy-safety-toe-6.html,Yes,200,,,A1JYQ,
/mens-timberland-pro-powertrain-sport-alloy-safety-toe-1639.html,Yes,200,,,A176A,
/mens-timberland-pro-powertrain-alloy-safety-toe.html,Yes,200,,,92649,
/mens-timberland-pro-powertrain-alloy-safety-toe-black-synthetic.html,Yes,200,,,A11QF,
/mens-timberland-pro-hypercharge-6-composite-safety-toe.html,Yes,200,,,A1RVS,
/mens-timberland-pro-hypercharge-6-soft-toe-waterproof.html,Yes,200,,,A1Q56,
/mens-timberland-pro-boondock-6-composite-safety-toe.html,Yes,200,,,92615,
/mens-timberland-pro-boondock-6-composite-safety-toe-brown.html,Yes,200,,,A127G,
/mens-timberland-pro-boondock-6-composite-safety-toe-insulated.html,Yes,200,,,92641,
/mens-timberland-pro-endurance-pr-6-steel-safety-toe.html,Yes,200,,,52562,
/mens-timberland-pro-endurance-pr-6-steel-safety-toe-1648.html,Yes,200,,,47592,
/mens-timberland-pro-endurance-6-xl-alloy-toe.html,Yes,200,,,54567,
/mens-timberland-pro-titan-6-alloy-safety-toe-waterproof.html,Yes,200,,,26078,
/mens-timberland-pro-titan-6-alloy-composite-safety-toe.html,Yes,200,,,50508,
/mens-timberland-pro-titan-6-alloy-composite-safety-toe-1652.html,Yes,200,,,50507,
/mens-timberland-pro-titan-6-soft-toe.html,Yes,200,,,24097,
/mens-timberland-pro-helix-hd-8-composite-safety-toe-waterproof.html,Yes,200,,,A1RW4,
/mens-timberland-pro-boondock-8-composite-safety-toe.html,Yes,200,,,1112A,
/mens-timberland-pro-boondock-8-composite-safety-toe-1656.html,Yes,200,,,92671,
/mens-timberland-pro-boondock-8-composite-safety-toe-full-grain.html,Yes,200,,,89628,
/mens-timberland-pro-ascender-6-alloy-safety-toe-met-guard.html,Yes,200,,,A1GM1,
/mens-timberland-pro-powertrain-sport-alloy-safety-toe-met-guard.html,Yes,200,,,A1GHM,
/mens-timberland-pro-external-met-guard-6-steel-safety-toe.html,Yes,200,,,40000,
/womens-timberland-pro-drivetrain-composite-safety-toe-black.html,Yes,200,,,A1RVH,
/womens-timberland-pro-drivetrain-composite-safety-toe.html,Yes,200,,,A1ORV,
/womens-timberland-pro-hightower-8-alloy-safety-toe-waterproof.html,Yes,200,,,A1KJ52,
/womens-timberland-pro-riveter-alloy-safety-toe.html,Yes,200,,,A1KJJ,
/womens-timberland-pro-powertrain-sport-alloy-toe.html,Yes,200,,,A1H1S,
/womens-timberland-pro-alloy-sport-soft-toe.html,Yes,200,,,A1GW3,
/womens-timberland-pro-powertrain-alloy-safety-toe-pink.html,Yes,200,,,92669,
/womens-timberland-pro-titan-oxford-alloy-safety-toe.html,Yes,200,,,63189,
/womens-timberland-pro-titan-alloy-safety-toe.html,Yes,200,,,26388,
/womens-timberland-pro-titan-alloy-safety-toe-waterproof.html,Yes,200,,,53359,
/mens-timberland-pro-valor-duty-6-soft-toe-side-zip.html,Yes,200,,,1162A,
/mens-timberland-pro-valor-8-duty-soft-toe-waterproof-side-zip.html,Yes,200,,,1167A,
/timberland-pro-anti-fatigue-technology-esd-footbed.html,Yes,200,,,A1ORE,
/timberland-pro-anti-fatigue-technology-footbed.html,Yes,200,,,91621,
/timberland-pro-anti-fatigue-technology-footbed-1675.html,Yes,200,,,A1Q82,
/timberland-pro-boot-leather-belt-brown.html,Yes,200,,,B0001-01,
/timberland-pro-boot-leather-belt-black.html,Yes,200,,,B0001-08,
/timberland-pro-series-logo-rivet-leather-belt-brown.html,Yes,200,,,BP0003-01,
/timberland-pro-logo-stitch-pull-up-leather-belt-wheat.html,Yes,200,,,BP0006-38,
/timberland-pro-vintage-style-rivet-double-stitch-leather-belt-acorn.html,Yes,200,,,BP0008-55,
/timberland-pro-pullman-wallet-removable-passcase-wheat.html,Yes,200,,,DP0020-38,
/timberland-pro-pullman-wallet-bifold-with-back-id-wheat.html,Yes,200,,,DP0021-38,
/timberland-pro-pullman-wallet-removable-passcase-dark-brown.html,Yes,200,,,DP0020-73,
/timberland-pro-pullman-wallet-bifold-with-back-id-dark-brown.html,Yes,200,,,DP0021-73,
/timberland-pro-whitney-wallet-bifold-with-back-id-khaki.html,Yes,200,,,DP0031-67,
/timberland-pro-whitney-wallet-trifold-khaki.html,Yes,200,,,DP0032-67,
/timberland-pro-whitney-wallet-bifold-with-back-id-charcoal.html,Yes,200,,,DP0031-30,
/timberland-pro-whitney-wallet-trifold-charcoal.html,Yes,200,,,DP0032-30,
/timberland-pro-padded-footbed-crew-sock-3-pack-white.html,Yes,200,,,TB120682WHT,
/timberland-pro-padded-footbed-crew-sock-3-pack-black.html,Yes,200,,,TB120682-BLK,
/timberland-pro-full-terry-cushioning-lining-crew-sock-2-pack.html,Yes,200,,,TB120645TA-CHAR,
/timberland-pro-knit-hat.html,Yes,200,,,T100233-D67,
/timberland-pro-core-knit-water-resistant-beanie.html,Yes,200,,,T100233-133,
/timberland-pro-core-knit-water-resistant-beanie-1694.html,Yes,200,,,T100233-001,
/timberland-pro-knit-hat-1695.html,Yes,200,,,T100233-C77,
/timberland-pro-core-canvas-water-resistant-baseball-cap.html,Yes,200,,,T100205-001,
/timberland-pro-cotton-core-long-sleeve-t-shirt.html,Yes,200,,,A1HEZ432,
/timberland-pro-studwall-14-zip-textured-fleece-top.html,Yes,200,,,A1HGK015,
/timberland-pro-power-zip-windproof-softshell-jackets.html,Yes,200,,,A1HGK060,
/timberland-pro-hood-honcho-pullover.html,Yes,200,,,A115O015,
/timberland-pro-hood-honcho-pullover-1701.html,Yes,200,,,A1150O010,
/timberland-pro-honcho-sport-crew.html,Yes,200,,,A1OYA,
/timberland-pro-base-plate-blended-short-sleeve-t-shirt-jet-black.html,Yes,200,,,A1HN6015,
/timberland-pro-grit-n-grind-denim-work-pant.html,Yes,200,,,A127T,
/pant.html,Yes,200,,,AI15D434,
/mens-timberland-pro-endurance-steel-toe-eh-waterproof-pr.html,Yes,200,,,47591,
/mens-timberland-pro-boondock-eh-insulated-8-composite-toe.html,Yes,200,,,89646,
/mens-timberland-pro-boondock-eh-insulated-8-composite-toe-1708.html,Yes,200,,,89645,
/mens-timberland-pro-endurance-eh-waterproof-8-steel-toe.html,Yes,200,,,52561,
/mens-timberland-pro-powertrain-sport-eh-alloy-toe-csa.html,Yes,200,,,A1G7X,
/womens-timberland-pro-powertrain-sport-eh-alloy-toe-csa.html,Yes,200,,,A1GWE,
/mens-rocky-lx-alloy-safety-toe-waterproof.html,Yes,200,,,RKK0246,
/mens-rocky-workknit-lx-alloy-safety-toe.html,Yes,200,,,RKK0249,
/mens-rocky-hauler-composite-safety-toe-waterproof-6-eh.html,Yes,200,,,RKK0128,
/mens-justin-drywall-pullon-waterproof-steel-safety-toe-10.html,Yes,200,,,WK4961,
/mens-justin-drywall-waterproof-steel-safety-toe-8.html,Yes,200,,,WK961,
/mens-justin-pulley-waterproof-composite-safety-toe-8-met-guard.html,Yes,200,,,WK630,
/mens-justin-composite-safety-toe-pull-on-met-guard.html,Yes,200,,,WK4630,
/mens-justin-cappie-dark-brown-steel-safety-toe-4-eh.html,Yes,200,,,235,
/mens-justin-amarillo-chocolate-steel-safety-toe-11-pull-on-eh.html,Yes,200,,,WK4311,
/mens-justin-amarillo-slate-waterproof-soft-toe-11-pull-on-eh.html,Yes,200,,,WK4312,
/mens-justin-amarillo-cactus-steel-safety-toe-11-pull-on-eh.html,Yes,200,,,WK4313,
/mens-justin-drywall-pull-on-waterproof-10-soft-toe-eh.html,Yes,200,,,WK4960,
/mens-justin-pull-on-waterproof-steel-eh-boot-dry-lex-cooling-system.html,Yes,200,,,WK4203,
/mens-justin-whiskey-neat-pull-on-waterproof-eh-boot.html,Yes,200,,,WK4201,
/womens-justin-6-waterproof-composite-toe-lace-up-eh.html,Yes,200,,,WKL992,
/mens-justin-double-comfort-8-steel-toe-eh-boot.html,Yes,200,,,765,
/mens-j-max-pullon-steel-toe-made-in-the-usa-eh-boot.html,Yes,200,,,4445,
/mens-justin-composite-toe-esd-pull-on.html,Yes,200,,,WK4300,
/mens-stanley-operator-6-composite-toe.html,Yes,200,,,FS6171S,
/mens-stanley-dropper-20-steel-toe.html,Yes,200,,,FSW172S,
/mens-avenger-brown-met-guard-steel-toe.html,Yes,200,,,A7302,
/mens-avenger-brown-carbon-nanofiber-composite.html,Yes,200,,,A7542,
/mens-avenger-brown-wellington-carbon-nanofiber-composite-waterproof.html,Yes,200,,,A7876,
/womens-avenger-brown-composite-waterproof.html,Yes,200,,,A7123,
/womens-avenger-brown-oxford-composite.html,Yes,200,,,A7116,
/womens-avenger-brown-slip-on-composite-waterproof.html,Yes,200,,,A7165,
/mens-avenger-black-met-guard-steel.html,Yes,200,,,A7300,
/mens-avenger-crosscut-hiker-steel-toe-waterproof-pr-hiker.html,Yes,200,,,A7710,
/mens-georgia-giant-6-soggy-brown-steel-safety-toe.html,Yes,200,,,G6374,
/mens-georgia-logger-8-waterproof-lace-to-toe-soft-toe-chocolate.html,Yes,200,,,G101,
/mens-georgia-logger-8-waterproof-lace-to-toe-steel-safety-toe-chocolate.html,Yes,200,,,G103,
/mens-georgia-giant-mens-romeo-soggy-brown-soft-toe-slip-on-oxford.html,Yes,200,,,GR262,
/mens-georgia-giant-mens-romeo-soggy-brown-steel-safety-toe-slip-on-oxford.html,Yes,200,,,GS262,
/mens-georgia-giant-high-romeo-soggy-brown-soft-toe-slip-on.html,Yes,200,,,GR500,
/mens-georgia-giant-high-romeo-soggy-brown-steel-safety-toe-slip-on.html,Yes,200,,,GR530,
/mens-georgia-giant-6-soggy-brown-soft-toe.html,Yes,200,,,G6274,
/mens-georgia-reflx-athletic-oxford-alloy-safety-toe-eh-blackorange.html,Yes,200,,,GB00219,
/mens-georgia-reflx-athletic-oxford-composite-safety-toe-eh-black.html,Yes,200,,,GB00220,
/womens-georgia-reflx-athletic-oxford-alloy-safety-toe-eh-blackteal.html,Yes,200,,,GB00233,
/mens-georgia-amplitude-6-brown-waterproof-soft-toe-eh.html,Yes,200,,,GB00128,
/mens-georgia-amplitude-6-brown-waterproof-composite-safety-toe-eh.html,Yes,200,,,GB00129,
/mens-thorogood-american-heritage-6-moc-steel-toe.html,Yes,200,,,804-4200,
/mens-thorogood-american-heritage-6-moc-toe-soft-toe.html,Yes,200,,,814-4200,
/mens-thorogood-american-heritage-8-moc-toe-soft-toe-eh.html,Yes,200,,,814-4201,
/mens-thorogood-american-heritage-8steel-safety-toe.html,Yes,200,,,804-4208,
/mens-thorogood-american-heritage-8-round-toe-soft-toe.html,Yes,200,,,814-4364,
/mens-thorogood-american-heritage-8-steel-safety-toe.html,Yes,200,,,804-4364,
/mens-thorogood-american-heritage-wellington-round-toe-soft-toe.html,Yes,200,,,814-4208,
/mens-thorogood-american-heritage-wellingtonsteel-safety-toe.html,Yes,200,,,804-4205,
/mens-thorogood-slip-on-oxford-composite-safety-toe-esd.html,Yes,200,,,804-4061,
/mens-thorogood-i-met-brown-slip-on-metatarsal-guard.html,Yes,200,,,804-4320,
/mens-keen-utility-san-jose-aluminum-toe.html,Yes,200,,,1020057,
/mens-keen-utility-san-jose-aluminum-toe-wedge.html,Yes,200,,,1020055,
/mens-keen-utility-san-jose-wedge.html,Yes,200,,,1020146,
/mens-keen-utility-seattle-waterproof-aluminum-toe.html,Yes,200,,,1020150,
/mens-keen-utility-seattle-waterproof-aluminum-toe-1767.html,Yes,200,,,1020062,
/mens-keen-utility-seattle-waterproof-aluminum-toe-1768.html,Yes,200,,,1020061,
/mens-keen-utility-detroit-xt-mid-waterproof-steel.html,Yes,200,,,1020086,
/mens-keen-utility-detroit-xt-mid-waterproof-steel-1770.html,Yes,200,,,1020040,
/mens-keen-utility-detroit-xt-mid-waterproof-steel-1771.html,Yes,200,,,1020085,
/mens-keen-utility-detroit-xt-mid-waterproof-work-boot.html,Yes,200,,,1020144,
/mens-keen-utility-detroit-xt-mid-waterproof-work-boot-1773.html,Yes,200,,,1020039,
/mens-keen-utility-detroit-xt-low-waterproof-steel.html,Yes,200,,,1020033,
/mens-keen-utility-detroit-xt-low-waterproof-esd-work-boot.html,Yes,200,,,1020034,
/mens-keen-utility-logandale-waterproof-6-american-built.html,Yes,200,,,1020151,
/mens-keen-utility-san-antonio-low-aluminum-toe.html,Yes,200,,,1020094,
/mens-keen-utility-san-antonio-low-aluminum-toe-1778.html,Yes,200,,,1020092,
/mens-keen-utility-boulder-waterproof-low-steel.html,Yes,200,,,1020079,
/mens-keen-utility-boulder-mid-waterproof-steel.html,Yes,200,,,1018653,
/mens-keen-utility-coburg-8-waterproof-american-built-steel.html,Yes,200,,,1017833,
/mens-keen-utility-coburg-6-waterproof-american-built-steel.html,Yes,200,,,1018023,
/mens-keen-utility-mt-vernon-8-waterproof-american-built.html,Yes,200,,,1013257,
/mens-keen-utility-mt-vernon-6-waterproof-american-built.html,Yes,200,,,1013258,
/mens-keen-utility-mt-vernon-6-waterproof-american-built-1785.html,Yes,200,,,1016778,
/mens-keen-utility-mt-vernon-6-american-built.html,Yes,200,,,1014600,
/mens-keen-utility-mt-vernon-6-internal-metatarsal-gaurd.html,Yes,200,,,1016166,
/mens-keen-utility-logandale-waterproof-6-american-built-1788.html,Yes,200,,,1017828,
/mens-keen-utility-braddock-mid-waterproof-steel-boot.html,Yes,200,,,1012771,
/mens-keen-utility-braddock-mid-waterproof-steel-boot-1790.html,Yes,200,,,1011242,
/mens-keen-utility-braddock-mid-waterproof-work-boot.html,Yes,200,,,1014605,
/mens-keen-utility-braddock-low-steel-boot.html,Yes,200,,,1011244,
/mens-keen-utility-braddock-low-work-boot.html,Yes,200,,,1014606,
/mens-keen-utility-louisville-6-metatarsal-guard.html,Yes,200,,,1007969,
/mens-keen-utility-louisville-6-waterproof-steel-boot.html,Yes,200,,,1015401,
/mens-keen-utility-louisville-6-waterproof-steel-boot-1796.html,Yes,200,,,1007965,
/mens-keen-utility-baltimore-6-waterproof-steel-boot.html,Yes,200,,,1018663,
/mens-keen-utility-baltimore-6-work-boot.html,Yes,200,,,1018666,
/mens-keen-utility-pittsburgh-6-waterproof-steel.html,Yes,200,,,1007024,
/mens-keen-utility-pittsburgh-6-waterproof-steel-1800.html,Yes,200,,,1007025,
/mens-keen-utility-pittsburgh-6-waterproof-work-boot.html,Yes,200,,,1009709,
/mens-keen-utility-davenport-6-400g-waterproof-insulated-boot.html,Yes,200,,,1017804,
/mens-keen-utility-davenport-6-waterproof-composite-boot.html,Yes,200,,,1016962,
/mens-keen-utility-flint-mid-steel-boot.html,Yes,200,,,1007972,
/mens-keen-utility-flint-low-boot.html,Yes,200,,,1007970,
/mens-keen-utility-atlanta-cool-steel-hiker.html,Yes,200,,,1006977,
/mens-keen-utility-atlanta-steel-hiker.html,Yes,200,,,1006978,
/mens-keen-utility-atlanta-esd-steel-hiker.html,Yes,200,,,1006979,
/mens-keen-utility-atlanta-esd-hiker.html,Yes,200,,,1014604,
/mens-keen-utility-san-antonio-mid-aluminum-toe.html,Yes,200,,,1018647,
/mens-keen-utility-san-antonio-mid-aluminum-toe-1811.html,Yes,200,,,1018648,
/mens-keen-utility-springfield-aluminum-toe.html,Yes,200,,,1018627,
/mens-keen-utility-tuscon-6-waterproof-steel.html,Yes,200,,,1009180,
/mens-keen-utility-la-conner-esd-aluminum-toe.html,Yes,200,,,1017824,
/mens-keen-utility-ptc-redding.html,Yes,200,,,1020234,
/mens-keen-utility-ptc-dress-oxford.html,Yes,200,,,1006981,
/mens-keen-utility-ptx-oxford.html,Yes,200,,,1006980,
/mens-keen-utility-ptc-slip-on-ii.html,Yes,200,,,1006983,
/womens-keen-utility-canby-6-waterproof-aluminum-toe.html,Yes,200,,,1016966,
/womens-keen-utility-detroit-mid-waterproof-steel.html,Yes,200,,,1020089,
/womens-keen-utility-detroit-mid-waterproof-steel-1821.html,Yes,200,,,1020090,
/womens-keen-utility-detroit-mid-waterproof-work-boot.html,Yes,200,,,1020041,
/womens-keen-utility-detroit-low-steel-hiker.html,Yes,200,,,1020036,
/womens-keen-utility-sedona-pulse-low-aluminum-toe.html,Yes,200,,,1018631,
/womens-keen-utility-flint-low-steel-hiker.html,Yes,200,,,1008823,
/womens-keen-utility-atlanta-cool-esd-steel-hiker.html,Yes,200,,,1007017,
/womens-keen-utility-springfield-aluminum-toe.html,Yes,200,,,1018651,
/womens-keen-utility-santa-fe-alluminum-toe.html,Yes,200,,,1017818,
/womens-keen-utility-ptc-oxford.html,Yes,200,,,1006999,
/womens-keen-utility-hostess-flat.html,Yes,200,,,1021320,
/womens-keen-utility-kanteen-clog.html,Yes,200,,,1021319,
/mens-keen-utility-k30-high-arch-footbed.html,Yes,200,,,K30,
/mens-keen-utility-k20-cushion-footbed.html,Yes,200,,,K20,
/mens-keen-utility-k10-replacement-insole.html,Yes,200,,,K10,
/mens-rockport-works-poron-xrd-internal-met-guard.html,Yes,200,,,RK6734,
/mens-rockport-works-sailing-club-steel-toe-oxford.html,Yes,200,,,RK6736,
/mens-rockport-works-sailing-club-steel-safety-steel-toe-oxford.html,Yes,200,,,RK6737,
/mens-rockport-works-composite-toe-sd-pull-on.html,Yes,200,,,RK6982,
/womens-rockport-works-poron-xrd-internal-met-guard.html,Yes,200,,,RK634,
/womens-rockport-works-sailing-club-steel-toe-sd.html,Yes,200,,,RK670,
/womens-rockport-works-sailing-club-steel-toe-sd-oxford.html,Yes,200,,,RK673,
/womens-rockport-works-core-work-steel-sd-safety-toe.html,Yes,200,,,RK600,
/mens-rockport-works-prestige-point-work-steel-toe-lace-up.html,Yes,200,,,RK2801,
/mens-rockport-works-prestige-point-work-steel-toe-lace-up-oxford.html,Yes,200,,,RK2803,
/mens-rockport-works-sailing-club-steel-toe-oxford-1845.html,Yes,200,,,RK6745,
/mens-reebok-work-zprint-work-athetic-oxford-steel-safety-toe.html,Yes,200,,,RB4250,
/mens-reebok-work-zprint-work-athletic-oxford-steel-safety-toe.html,Yes,200,,,RB4251,
/mens-reebok-work-all-terrain-work-athletic-oxford-steel-safety.html,Yes,200,,,RB4091,
/mens-reebok-work-all-terrain-work-athletic-oxford-steel-safety-toe.html,Yes,200,,,RB4092,
/mens-reebok-work-sublite-athletic-mid-cut-alloy-safety-toe.html,Yes,200,,,RB4141,
/mens-reebok-work-sublite-athletic-mid-cut-alloy-safety-toe-1851.html,Yes,200,,,RB4142,
/mens-reebok-work-sublite-athletic-mid-cut-alloy-safety-toe-met-guard.html,Yes,200,,,RB4143,
/mens-reebok-work-sublite-athletic-oxford-alloy-safety-toe.html,Yes,200,,,RB4040,
/mens-reebok-work-sublite-athletic-oxford-alloy-safety-toe-1854.html,Yes,200,,,RB4041,
/mens-reebok-work-sublite-work-athletic-oxford-steel-safety-toe.html,Yes,200,,,RB4005,
/mens-reebok-work-guide-work-cross-trainer-steel-safety-toe.html,Yes,200,,,RB3502,
/mens-reebok-work-tiahawk-waterproof-sports-hiker-composite-safety-toe.html,Yes,200,,,RB4444,
/mens-reebok-work-tiahawk-waterproof-sports-hiker-composite-safety-toe-1858.html,Yes,200,,,RB4555,
/mens-reebok-work-trainex-6-sports-boot-composite-safety-toe.html,Yes,200,,,RB7755,
/mens-reebok-work-beviad-leather-retro-jogger-oxford-composite-safety-toe.html,Yes,200,,,RB4721,
/mens-reebok-work-kenoy-athletic-cross-trainer-steel-safety-toe.html,Yes,200,,,RB4805,
/mens-reebok-work-conductive-tyak-classic-performance-hiker-composite-safety-toe.html,Yes,200,,,RB4327,
/mens-reebok-work-conductive-tyak-classic-performance-hiker-composite-safety-toe-1863.html,Yes,200,,,RB4177,
/mens-reebok-work-duty-rapid-response-8-composite-safety-toe.html,Yes,200,,,RB8850,
/mens-reebok-work-duty-rapid-response-rb-stealth-8-composite-safety-toe.html,Yes,200,,,RB8874,
/mens-reebok-work-duty-sublite-tactical-8-boot-waterproof-composite-safety-toe.html,Yes,200,,,RB8807,
/mens-reebok-work-duty-rapid-response-6-composite-safety-toe.html,Yes,200,,,RB8674,
/womens-reebok-work-zprint-steel-safety-toe.html,Yes,200,,,RB251,
/womens-reebok-work-all-terrain-steel-safety-toe.html,Yes,200,,,RB094,
/womens-reebok-work-sublite-cushion-alloy-safety-toe.html,Yes,200,,,RB041,
/womens-reebok-work-sublite-alloy-safety-toe.html,Yes,200,,,RB045,
/womens-reebok-work-sublite-alloy-safety-toe-1872.html,Yes,200,,,RB046,
/womens-reebok-work-sublite-alloy-safety-toe-1873.html,Yes,200,,,RB047,
/womens-reebok-work-guide-cross-trainer-steel-safety-toe.html,Yes,200,,,RB354,
/womens-reebok-work-dmx-hiker-composite-toe.html,Yes,200,,,RB444,
/womens-reebok-work-dmx-hiker-composite-safety-toe.html,Yes,200,,,RB455,
/womens-reebok-work-trainex-6-sport-boot-composite-safety-toe.html,Yes,200,,,RB755,
/womens-reebok-work-kenoy-cross-trainer-steel-safety-toe.html,Yes,200,,,RB485,
/womens-reebok-work-duty-rapid-response-6-boot-with-side-zipper-composite-toe.html,Yes,200,,,RB864,
/womens-reebok-work-duty-rapid-response-8-boot-with-side-zipper-composite-toe.html,Yes,200,,,RB874,
/womens-reebok-work-duty-rapid-response-8-boot-with-side-zipper-composite-toe-1881.html,Yes,200,,,RB885,
/reebok-work-f2-foot-force-esd-inslole.html,Yes,200,,,FF247,
/reebok-work-memorytech-footbed-insole.html,Yes,200,,,RBMT,
/mens-reebok-work-sublight-conductive-alloy-safety-toe.html,Yes,200,,,RB4049,
/mens-florsheim-work-loedin-steel-safety-toe-lace-up-oxford.html,Yes,200,,,FS2022,
/mens-florsheim-work-loedin-steel-safety-toe-lace-up-oxford-1886.html,Yes,200,,,FE2020,
/mens-florsheim-work-stoss-steel-safety-toe-slip-on-oxford.html,Yes,200,,,FS2620,
/mens-florsheim-work-coronis-steel-safety-toe-dress-lace-oxford.html,Yes,200,,,FS2000,
/mens-florsheim-work-coronis-steel-safety-toe-dress-slip-on-oxford.html,Yes,200,,,FS2005,
/mens-florsheim-work-compadre-composite-safety-toe-eurocasual-moc-toe-oxford.html,Yes,200,,,FS2400,
/mens-florsheim-work-lucky-composite-safety-toe-eurocasual-slip-on.html,Yes,200,,,FS2405,
/mens-florsheim-work-compadre-composite-toe-flex-met-internal-metatarsal-guard.html,Yes,200,,,FE2440,
/mens-florsheim-work-steel-safety-toe-quick-release-6-flex-met-internal-met-guard.html,Yes,200,,,FE690,
/womens-florsheim-composite-safety-toe-eurocasual-moc-toe-oxford.html,Yes,200,,,FS240,
/mens-iron-age-trowler-6-waterproof-composite-boot.html,Yes,200,,,IA0130,
/mens-iron-age-hauler-6-waterproof-composite-boot.html,Yes,200,,,IA0160,
/mens-iron-age-dozer-6-internal-metatarsal-guard-boot.html,Yes,200,,,IA0163,
/mens-iron-age-hauler-pull-on-flex-internal-metatarsal-guard-boot.html,Yes,200,,,IA0195,
/mens-iron-age-groundbreaker-6-external-metatarsal-guard-boot.html,Yes,200,,,IA5016,
/mens-iron-age-galvanizer-slip-on-internal-metatarsal-guard-boot.html,Yes,200,,,IA5210,
/mens-iron-age-galvanizer-slip-on-internal-metatarsal-guard-boot-1901.html,Yes,200,,,IA5220,
/mens-iron-age-galvanizer-6-spark-free-lace-up-internal-metatarsal-guard-boot.html,Yes,200,,,IA5230,
/mens-iron-age-galvanizer-6-spark-free-lace-up-internal-metatarsal-guard-boot-1903.html,Yes,200,,,IA5240,
/womens-iron-age-trencher-6-composite-boot.html,Yes,200,,,IA507,
/mens-ariat-intrepid-venttek-bruin-brown-composite-safety-toe.html,Yes,200,,,10023042,
/mens-ariat-mastergrip-6-h2o-oily-distressed-brown-composite.html,Yes,200,,,10017421,
/mens-ariat-mastergrip-6-h2o-briar-brown-composite.html,Yes,200,,,10017424,
/mens-ariat-mastergrip-6-met-guard-h2o-bruin-brown-composite.html,Yes,200,,,10017425,
/mens-ariat-mastergrip-pull-on-sd-composite.html,Yes,200,,,10020094,
/mens-ariat-rebar-wedge-6-golden-grizzly-composite.html,Yes,200,,,10023065,
/mens-ariat-rebar-wedge-6-golden-grizzly-soft-toe.html,Yes,200,,,10023064,
/mens-ariat-rebar-wedge-pull-on-golden-grizzly-composite.html,Yes,200,,,10023099,
/mens-ariat-contender-brown-steel.html,Yes,200,,,10018552,
/womens-ariat-casual-work-mid-lace-sd-nutty-brown-composite.html,Yes,200,,,10020097,
/womens-ariat-casual-work-oxford-sd-nutty-brown-composite.html,Yes,200,,,10020099,
/womens-ariat-expert-clog-sd-black-composite.html,Yes,200,,,10011976,
/mens-ariat-safety-clog-black-steel.html,Yes,200,,,10002368,
/mens-ariat-safety-clog-golden-brown-steel.html,Yes,200,,,10002367,
/mens-ariat-workhog-wide-square-toe-met-guard-csa-ridge-brown-composite.html,Yes,200,,,10017174,
/mens-ariat-workhog-wide-square-toe-met-guard-ridge-brown-composite.html,Yes,200,,,10016263,
/mens-ariat-workhog-wide-square-toe-met-guard-h2o-bruin-brown-composite.html,Yes,200,,,10016265,
/mens-ariat-workhog-patriot-earth-soft-toe.html,Yes,200,,,10023100,
/mens-ariat-workhog-patriot-earth-steel.html,Yes,200,,,10022968,
/mens-ariat-workhog-wide-square-toe-h2o-bruin-brown-soft-toe.html,Yes,200,,,10017436,
/mens-ariat-workhog-wide-square-toe-h2o-bruin-brown-composite.html,Yes,200,,,10017420,
/mens-ariat-workhog-pull-on-aged-bark-soft-toe.html,Yes,200,,,10001188,
/mens-ariat-workhog-pull-on-aged-bark-composite-safety-toe.html,Yes,200,,,10001191,
/mens-ariat-workhog-pull-on-h2o-oily-distressed-brown-composite-safety-toe.html,Yes,200,,,10001200,
/mens-ariat-workhog-pull-on-h2o-oily-distressed-brown-soft-toe.html,Yes,200,,,10001198,
/mens-ariat-rambler-work-pull-on-earth-steel-safety-toe.html,Yes,200,,,10008642,
/mens-ariat-sierra-h2o-sunshine-soft-toe.html,Yes,200,,,10002385,
/mens-ariat-sierra-h2o-sunshine-steel-safety-toe.html,Yes,200,,,10002387,
/mens-ariat-rebar-flex-western-venttek-chocolate-brown-soft-toe.html,Yes,200,,,10023072,
/mens-ariat-rebar-flex-western-venttek-chocolate-brown-composite-safety-toe.html,Yes,200,,,10023076,
/mens-ariat-rebar-flex-western-chocolate-brown-composite-safety-toe.html,Yes,200,,,10021480,
/mens-ariat-rebar-flex-western-chocolate-brown-soft-toe.html,Yes,200,,,10021478,
/mens-ariat-groundbreaker-wide-square-toe-met-guard-brown-steel-safety-toe.html,Yes,200,,,10020063,
/mens-ariat-groundbreaker-wide-square-toe-brown-soft-toe.html,Yes,200,,,10020059,
/mens-ariat-groundbreaker-wide-square-toe-brown-steel-safety-toe.html,Yes,200,,,10021108,
/mens-ariat-groundbreaker-wide-square-toe-brownember-steel-safety-toe.html,Yes,200,,,10015191,
/mens-ariat-groundbreaker-wide-square-toe-h2o-palm-brown-soft-toe.html,Yes,200,,,10015812,
/mens-ariat-groundbreaker-wide-square-toe-h2o-palm-brown-steel-safety-toe.html,Yes,200,,,10015196,
/mens-ariat-groundbreaker-pull-on-brown-soft-toe.html,Yes,200,,,10014238,
/mens-ariat-groundbreaker-pull-on-brown-steel-safety-toe.html,Yes,200,,,10014241,
/womens-ariat-tracey-pull-on-dusted-brown-composite-safety-toe.html,Yes,200,,,10008634,
/mens-ariat-feeman-jeans-m4-low-rise-boot-cut.html,Yes,200,,,10022674,
/mens-ariat-durango-jeans-m4-low-rise-boot-cut.html,Yes,200,,,10017511,
/mens-ariat-durham-jeans-m5-slim-straight-leg.html,Yes,200,,,10022784,
/mens-ariat-wrinkle-free-kaiserman-print-shirt.html,Yes,200,,,10025755,
/mens-ariat-gaffrey-shirt.html,Yes,200,,,10025782,
/mens-ariat-tek-polo.html,Yes,200,,,10009062,
/mens-ariat-tek-polo-1952.html,Yes,200,,,10025718,
/mens-ariat-tek-polo-1953.html,Yes,200,,,10025714,
/mens-ariat-tek-polo-1954.html,Yes,200,,,10025715,
/mens-ariat-venttek-ii-shirt.html,Yes,200,,,10025886,
/mens-ariat-venttek-ii-shirt-1956.html,Yes,200,,,10025888,
/mens-ariat-fr-roughneck-skull-logo-crew.html,Yes,200,,,10026434,
/mens-ariat-fr-americana-graphic-crew.html,Yes,200,,,10023951,
/mens-ariat-fr-dunbar-work-shirt.html,Yes,200,,,10025409,
/mens-ariat-rebar-made-tough-work-shirt.html,Yes,200,,,10025392,
/mens-ariat-rebar-made-tough-work-shirt-1961.html,Yes,200,,,10025393,
/mens-ariat-graphic-tee.html,Yes,200,,,10026441,
/mens-ariat-graphic-tee-1963.html,Yes,200,,,10026658,
/mens-ariat-wild-bull-tee.html,Yes,200,,,10026636,
/mens-ariat-wild-bull-tee-1965.html,Yes,200,,,10026635,
/mens-rebar-tee.html,Yes,200,,,10025410,
/mens-rebar-tee-1967.html,Yes,200,,,10025390,
/mens-rebar-tee-1968.html,Yes,200,,,10025405,
/mens-rebar-tee-1969.html,Yes,200,,,10025387,
/mens-ariat-wide-square-toe-insole.html,Yes,200,,,A10008009,
/ariat-mink-oil.html,Yes,200,,,A27010,
/ariat-waterproof-spray.html,Yes,200,,,A27022,
/ariat-boot-cream.html,Yes,200,,,A27004,
/ariat-black-nylon-laces.html,Yes,200,,,A2302401,
/ariat-black-wax-laces.html,Yes,200,,,A2300601,
/ariat-brown-nylon-laces.html,Yes,200,,,A2302402,
/arait-brown-wax-laces.html,Yes,200,,,A2300902,
/ariat-camo-flag-bifold-wallet.html,Yes,200,,,A3536844,
/ariat-camo-flag-rodeo-wallet.html,Yes,200,,,A3536444,
/mens-ariat-rodeo-shield-dark-copper-wallet.html,Yes,200,,,A35118283,
/mens-ariat-trifold-shield-dark-copper-wallet.html,Yes,200,,,A35122283,
/mens-ariat-belt-buckle.html,Yes,200,,,A37002,
/mens-ariat-rowdy-belt.html,Yes,200,,,A10004630,
/mens-ariat-camo-belt.html,Yes,200,,,A1030844,
/mens-ariat-white-3-pack-crew-socks.html,Yes,200,,,A2503805,
/mens-ariat-black-3-pack-crew-socks.html,Yes,200,,,A2503801,
/kids-ariat-camo-flag-belt.html,Yes,200,,,A1306044,
/mens-ariat-mesh-camo-flag-cap.html,Yes,200,,,1510502,
/mens-ariat-navy-cap.html,Yes,200,,,1596103,
/mens-ariat-oil-cap.html,Yes,200,,,1515602,
/mens-ariat-grey-logo-cap.html,Yes,200,,,1504905,
/mens-ariat-camo-flag-cap.html,Yes,200,,,15094156,
/mens-wolverine-bonaventure-6-brown-steel-toe-waterproof.html,Yes,200,,,4405,
/mens-wolverine-durashocks-sr-6-brown-steel-toe-waterproof.html,Yes,200,,,3120,
/mens-wolverine-durashocks-sr-6-black-steel-toe-waterproof.html,Yes,200,,,3121,
/mens-wolverine-durashocks-sr-6-brown-soft-toe-waterproof.html,Yes,200,,,3122,
/mens-wolverine-marauder-6-brown-steel-toe-waterproof.html,Yes,200,,,2161,
/mens-wolverine-marauder-6-brown-soft-toe-waterproof.html,Yes,200,,,2162,
/mens-wolverine-marauder-8-brown-steel-toe-waterproof.html,Yes,200,,,2163,
/mens-wolverine-marauder-8-brown-soft-toe-waterproof.html,Yes,200,,,2164,
/mens-wolverine-marauder-10-brown-steel-toe-waterproof.html,Yes,200,,,2165,
/mens-wolverine-marauder-10-brown-soft-toe-waterproof.html,Yes,200,,,2166,
/mens-wolverine-cannonsburg-met-guard-6-steel-toe.html,Yes,200,,,4451,
/mens-wolverine-cannonsburg-met-guard-8-steel-toe.html,Yes,200,,,4452,
/mens-wolverine-buccaneer-8-steel-toe-waterproof.html,Yes,200,,,4822,
/mens-wolverine-buccaneer-6-steel-toe-waterproof.html,Yes,200,,,4820,
/mens-wolverine-buccaneer-6-soft-toe-waterproof.html,Yes,200,,,4821,
/mens-wolverine-floorhand-dark-brown-10-soft-toe-waterproof.html,Yes,200,,,10682,
/mens-wolverine-floorhand-dark-brown-10-steel-toe-waterproof.html,Yes,200,,,10680,
/mens-wolverine-jetstream-2-greygreen-composite.html,Yes,200,,,10805,
/mens-wolverine-bedford-sr-st-black-steel-toe-oxford.html,Yes,200,,,10816,
/mens-wolverine-bedford-sr-st-brown-steel-toe-oxford.html,Yes,200,,,10819,
/womens-wolverine-piper-brown-6-composite-toe-waterproof.html,Yes,200,,,10180,
/womens-wolverine-jetstream-2-greypink-composite-toe.html,Yes,200,,,10802,
/womens-wolverine-fletcher-low-composite-toe-waterproof.html,Yes,200,,,10580,
/mens-wolverine-durashocks-dual-intensity-cushion-insoles.html,Yes,200,,,3004,
/mens-wolverine-short-sleeve-traihead-vented-back-shirt.html,Yes,200,,,W1202300,
/mens-woverine-long-sleeve-graphic-solid-sleeve-logo-t-shirt.html,Yes,200,,,W1206030,
/womens-wolverine-rosewood-sherpa-lined-shirt-jac.html,Yes,200,,,W1205010,
/womens-wolverine-cheyenne-bonded-sherpa-shirt-jac.html,Yes,200,,,W1205050,
/mens-wolverine-bucksaw-bonded-shirt-jac.html,Yes,200,,,W1203770,
/mens-wolverine-forester-charcoal-cotton-shirt-jacket.html,Yes,200,,,W1200440,
/mens-wolverine-marauder-hoodie.html,Yes,200,,,W1205580-045,
/mens-wolverine-long-sleeve-graphic-solid-sleeve-logo-t-shirt.html,Yes,200,,,W1206030-006,
/men-sweatshirt.html,Yes,200,,,W1205560-003,
/mens-wolverine-graphic-hoodie.html,Yes,200,,,W1206040-003,
/mens-cat-parker-sd-steel-toe-dark-beige.html,Yes,200,,,P90715,
/mens-cat-tyndall-sd-steel-toe-dark-beige.html,Yes,200,,,P90711,
/mens-cat-tyndall-sd-soft-toe-dark-beige.html,Yes,200,,,P74068,
/mens-cat-woodward-leather-sd-steel-toe-barley.html,Yes,200,,,P91004,
/womens-cat-woodward-steel-toe-cloudburst.html,Yes,200,,,P91013,
/womens-cat-tess-steel-toe-chocolate.html,Yes,200,,,P91007,
/mens-cat-rasp-6-dark-brown-waterproof-met-guard-composite-toe.html,Yes,200,,,P90542,
/mens-cat-tradesman-chocolate-brown.html,Yes,200,,,P74114,
/mens-cat-edgework-mahogany-unlined-sd-steel-toe.html,Yes,200,,,P90085,
/mens-cat-excursion-jackets.html,Yes,200,,,1310054,
/mens-cat-h2o-jackets-waterproof.html,Yes,200,,,1310052,
/mens-cat-battleridge-jackets.html,Yes,200,,,1310018,
/mens-cat-harvests-jackets.html,Yes,200,,,1310055,
/mens-cat-soft-shell-jackets-storm-blocker.html,Yes,200,,,W11440,
/mens-cat-sequoia-shirt-jackets.html,Yes,200,,,1610006,
/mens-cat-active-work-jackets.html,Yes,200,,,1313058,
/mens-cat-conversion-fleece-jackets.html,Yes,200,,,1310050,
/mens-cat-momentum-fleece-jackets.html,Yes,200,,,1313092,
/mens-cat-drop-tail-zip-sweatshirt.html,Yes,200,,,1910060,
/mens-cat-trademark-banner-hooded-sweatshirt.html,Yes,200,,,1910709,
/mens-cat-custom-logo-long_sleevetee.html,Yes,200,,,1510318,
/mens-cat-trademark-pocketlong_sleevetee.html,Yes,200,,,1510053,
/mens-cat-trademark-banner-long_sleevetee.html,Yes,200,,,1510034,
/mens-cat-h2o-defender-trouser.html,Yes,200,,,1810008,
/mens-cat-trademark-trouser.html,Yes,200,,,C172,
/mens-cat-instigator-insulated-bibs.html,Yes,200,,,1210002,
/mens-cat-hi-vis-soft-shell-jackets.html,Yes,200,,,1310008,
/mens-cat-hi-vis-tee.html,Yes,200,,,1510232,
/mens-cat-fire-resistant-plaid-work-shirt.html,Yes,200,,,1630003,
/mens-cat-fire-resistant-banner-hooded-sweatshirt.html,Yes,200,,,1910045,
/mens-cat-flex-layer-long_sleevetee.html,Yes,200,,,1499010,
/mens-cat-flex-layer-long-john.html,Yes,200,,,1499011,
/cat-rebel-safety-glasses.html,Yes,200,,,REBAL-100,
/cat-shield-safety-glasses.html,Yes,200,,,SHILED-100,
/cat-shield-safety-glasses-with-black-frame-and-smoked-lens.html,Yes,200,,,SHILED-104,
/cat-knit-hat.html,Yes,200,,,1120070-555,
/cat-knit-hat-2063.html,Yes,200,,,1128097-11768,
/cat-knit-hat-2064.html,Yes,200,,,1120038-10102,
/cat-rib-watch-cap.html,Yes,200,,,W01443-016,
/cat-belt.html,Yes,200,,,213015,
/mens-cat-crew-socks-6-pack.html,Yes,200,,,1119507-049,
/mens-bogs-foundation-leather-mid-waterproof-soft-toe.html,Yes,200,,,72234-200,
/mens-bogs-foundation-leather-mid-waterproof-composite-safety-toe.html,Yes,200,,,72234CT-200,
/mens-bogs-foundation-leather-mid-waterproof-soft-toe-black.html,Yes,200,,,72234-001,
/mens-bogs-foundation-leather-mid-waterproof-composite-safety-toe-black.html,Yes,200,,,72234CT-001,
/mens-bogs-foundation-leather-low-waterproof-soft-toe-black.html,Yes,200,,,72235-001,
/mens-bogs-foundation-leather-low-waterproof-composite-safety-toe-black.html,Yes,200,,,72235CT-001,
/mens-bogs-foundation-leather-low-waterproof-soft-toe-brown.html,Yes,200,,,72235-200,
/mens-bogs-foundation-leather-low-waterproof-composite-safety-toe-brown.html,Yes,200,,,72235CT-200,
/womens-bogs-foundation-leather-soft-toe-black.html,Yes,200,,,72132-001,
/womens-bogs-foundation-leather-composite-safety-toe-black.html,Yes,200,,,72132CT-001,
/mens-bogs-stockman-soft-toe.html,Yes,200,,,72177-001,
/mens-bogs-stockman-composite-safety-toe.html,Yes,200,,,72177CT-001,
/mens-bogs-bozeman-waterproof-tall-soft-toe.html,Yes,200,,,71971-001,
/mens-bogs-bozeman-waterproof-mid-soft-toe.html,Yes,200,,,71972-001,
/mens-bogs-carson-waterproof-soft-toe.html,Yes,200,,,71395-001,
/womens-bogs-foundation-leather-waterproof-composite-safety-toe-brown-multi.html,Yes,200,,,72312CT-249,
/womens-bogs-foundation-mesh-low-composite-safety-toe-gray-multi.html,Yes,200,,,72315CT-062,
/mens-bogs-pillar-6-steel-safety-toe.html,Yes,200,,,7236ST-012,
/mens-bogs-bedrock-mid-composite-safety-toe-brown.html,Yes,200,,,72302CT-249,
/mens-bogs-bedrock-mid-soft-toe-black-multi.html,Yes,200,,,72302-009,
/mens-bogs-neo-classic-tall-waterproof.html,Yes,200,,,72251-001,
/womens-mcrae-steel-safety-toe-internal-metatarsal-guard-eh-oxford.html,Yes,200,,,MR47300,
/womens-mcrae-composite-safety-toe-xrd-metatarsal-guard-eh-oxford.html,Yes,200,,,MR47311,
/mens-mcrae-11-steel-safety-toe-metatarsal-guard-wellington.html,Yes,200,,,MR85738,
/mens-mcrae-6-brown-steel-safety-toe-internal-metatarsal-guard-eh.html,Yes,200,,,MR86734,
/mens-mcrae-oxford-steel-safety-toe-xrd-metatarsal-guard-eh.html,Yes,200,,,MR82704,
/mens-mcrae-6-composite-safety-toe-metatarsal-guard-hiking-boot.html,Yes,200,,,MR83701,
/womens-puma-safety-balance-low-steel-safety-toe.html,Yes,200,,,642865,
/womens-puma-safety-celebrity-low-steel-safety-toe.html,Yes,200,,,642905,
/mens-puma-safety-blaze-eh-low-composite-safety-toe.html,Yes,200,,,643065,
/mens-carhartt-storm-defender-shoreline-jacket.html,Yes,200,,,J162,
/mens-carhartt-storm-defender-shoreline-pant.html,Yes,200,,,B216,
/mens-carhartt-storm-defender-shoreline-bib-overalls.html,Yes,200,,,100735,
/mens-carhartt-mayne-coat-waterproof.html,Yes,200,,,101076,
/mens-carhartt-mayne-bib-overalls-waterproof.html,Yes,200,,,1017075,
/mens-carhartt-surrey-coat-waterproof.html,Yes,200,,,100100,
/mens-carhartt-surrey-bib-overalls-waterproof.html,Yes,200,,,100101,
/mens-carhartt-full-swing-cryder-jacket.html,Yes,200,,,102207,
/mens-carhartt-quilted-flannel-lined-sandstone-active-jacket.html,Yes,200,,,J130,
/mens-carhartt-sierra-jacket.html,Yes,200,,,J141,
/mens-carhartt-quilted-flannel-lined-duck-active-jacket.html,Yes,200,,,J140,
/mens-carhartt-full-swing-armstrong-jacket.html,Yes,200,,,103370,
/mens-carhartt-full-swing-armstrong-active-jacket.html,Yes,200,,,103371,
/mens-carhartt-thermal-lined-duck-active-jacket.html,Yes,200,,,J131,
/mens-carhartt-sandstone-traditional-coat.html,Yes,200,,,C26,
/mens-carhartt-ridge-coat.html,Yes,200,,,C61,
/mens-carhartt-duck-chore-coat.html,Yes,200,,,C001,
/mens-carhartt-duck-traditional-coat.html,Yes,200,,,C003,
/mens-carhartt-sandstone-vest.html,Yes,200,,,V02,
/mens-carhartt-rugged-vest.html,Yes,200,,,V26,
/mens-carhartt-mock-neck-vest.html,Yes,200,,,V33,
/mens-carhartt-duck-vest.html,Yes,200,,,V01,
/mens-carhartt-quilt-lined-zip-to-thigh-bib-overalls-carhartt.html,Yes,200,,,R41,
/mens-carhartt-zip-to-waist-bib-overalls.html,Yes,200,,,R38,
/mens-carhartt-quilt-lined-sandstone-bib-overalls.html,Yes,200,,,R27,
/mens-carhartt-arctic-quilt-lined-duck-bib-overalls.html,Yes,200,,,R03,
/mens-carhartt-washed-denim-bib-overalls.html,Yes,200,,,R07,
/mens-carhartt-denim-bib-overalls.html,Yes,200,,,R08,
/mens-carhartt-zip-to-thigh-bib-overalls.html,Yes,200,,,R37,
/mens-carhartt-sandstone-bib-overalls.html,Yes,200,,,R06,
/mens-carhartt-x01-quilt-lined-duck-overalls.html,Yes,200,,,103459,
/mens-carhartt-relaxed-fit-holter-jean.html,Yes,200,,,101483-968,
/mens-carhartt-straighttraditional-fit-tapered-leg-jean.html,Yes,200,,,B18,
/mens-carhartt-relaxed-fit-tapered-leg-jean.html,Yes,200,,,B17,
/mens-carhartt-looseoriginal-fit-work-dungaree.html,Yes,200,,,B13,
/mens-carhartt-canvas-work-dungaree.html,Yes,200,,,B151,
/mens-carhartt-washed-duck-work-dungaree.html,Yes,200,,,B11,
/mens-carhartt-washed-duck-work-dungareeflannel-lined.html,Yes,200,,,B111,
/mens-carhartt-canvas-work-short.html,Yes,200,,,B147,
/mens-carhartt-rugged-cargo-short.html,Yes,200,,,100277,
/mens-carhartt-force-cotton-delmont-short-sleeve-t-shirt.html,Yes,200,,,100410,
/mens-carhartt-force-cotton-delmont-short-sleeve-henley.html,Yes,200,,,100413,
/mens-carhartt-workwear-pocket-long-sleeve-t-shirt.html,Yes,200,,,K126,
/mens-carhartt-workwear-pocket-long-sleeve-henley.html,Yes,200,,,K128,
/mens-carhartt-workwear-pocket-short-sleeve-t-shirt.html,Yes,200,,,K87,
/mens-carhartt-workwear-pocket-short-sleeve-henley.html,Yes,200,,,K84,
/mens-carhartt-signature-sleeve-logo-long-sleeve-t-shirt.html,Yes,200,,,K231,
/mens-carhartt-contractors-work-pocket-polo.html,Yes,200,,,K570,
/mens-carhartt-force-extremes-signature-graphic-hooded-sweatshirt.html,Yes,200,,,102314,
/mens-carhartt-midweight-crewneck-sweatshirt.html,Yes,200,,,K124,
/mens-carhartt-midweight-graphic-crewneck-sweatshirt-black-heather-gray-moss.html,Yes,200,,,103307,
/mens-carhartt-midweight-signature-sleeve-logo-hooded-sweatshirt.html,Yes,200,,,K288,
/mens-carhartt-midweight-hooded-sweatshirt.html,Yes,200,,,K121,
/mens-carhartt-midweight-hooded-zip-front-sweatshirt.html,Yes,200,,,K122,
/mens-carhartt-rain-defender-rutland-thermal-lined-hooded-zip-front-sweatshirt.html,Yes,200,,,100632,
/mens-carhartt-rain-defender-paxton-heavyweight-hooded-sweatshirt.html,Yes,200,,,100615,
/mens-carhartt-rain-defender-paxton-heavyweight-hooded-zip-front-sweatshirt.html,Yes,200,,,100614,
/mens-carhartt-base-force-extremes-super-cold-weather-crewneck.html,Yes,200,,,102350,
/mens-carhartt-base-force-extremes-super-cold-weather-bottom.html,Yes,200,,,102349,
/mens-carhartt-knit-hat-with-visor.html,Yes,200,,,A164,
/mens-carhartt-face-mask.html,Yes,200,,,A161,
/mens-carhartt-acrylic-watch-hat.html,Yes,200,,,A18,
/mens-carhartt-acrylic-knit-hat.html,Yes,200,,,A205,
/mens-carhartt-fleece-hat.html,Yes,200,,,A207,
/mens-carhartt-fleece-2-in-1-headwear.html,Yes,200,,,A202,
/mens-carhartt-force-helmet-liner-mask.html,Yes,200,,,A267,
/mens-carhartt-odessa-cap.html,Yes,200,,,100289,
/mens-carhartt-buffalo-cap.html,Yes,200,,,100286,
/mens-carhartt-arctic-quilt-lined-duck-hood.html,Yes,200,,,102368,
/mens-carhartt-arctic-quilt-lined-sandstone-hood.html,Yes,200,,,102367,
/mens-carhartt-quilt-lined-sandstone-hood.html,Yes,200,,,102366,
/mens-carhartt-duck-nail-apron.html,Yes,200,,,A09,
/mens-carhartt-force-high-visibility-short-sleeve-class-2-t-shirt.html,Yes,200,,,100495,
/mens-carhartt-force-high-visibility-long-sleeve-class-3-t-shirt.html,Yes,200,,,100496,
/mens-carhartt-high-visibility-zip-front-class-3-sweatshirt.html,Yes,200,,,100503,
/mens-carhartt-high-visibility-class-2-vest.html,Yes,200,,,100501,
/mens-carhartt-high-visibility-zip-front-class-3-thermal-lined-sweatshirt.html,Yes,200,,,100504,
/mens-carhartt-oil-tanned-trifold-wallet.html,Yes,200,,,61-2235,
/mens-carhartt-oil-tanned-passcase-wallet.html,Yes,200,,,61-2234,
/mens-carhartt-rugged-passcase-wallet.html,Yes,200,,,61-2244,
/mens-carhartt-rugged-trifold-wallet.html,Yes,200,,,61-2245,
/mens-carhartt-rugged-front-pocket-wallet.html,Yes,200,,,61-2246,
/mens-carhartt-canvas-passcase-wallet.html,Yes,200,,,61-2216,
/mens-carhartt-camo-trifold-wallet.html,Yes,200,,,61-2241-98,
/mens-carhartt-jean-belt.html,Yes,200,,,2200,
/mens-carhartt-suspenders.html,Yes,200,,,45002,
/mens-carhartt-hamilton-belt.html,Yes,200,,,CH-22504,
/mens-carhartt-crew-sock.html,Yes,200,,,A62-3,
/mens-carhartt-quarter-ankle-sock.html,Yes,200,,,A61-3,
/mens-carhartt-force-crew-sock.html,Yes,200,,,A422,
/mens-carhartt-force-low-cut-sock.html,Yes,200,,,A328,
/mens-carhartt-force-low-cut-sock-2189.html,Yes,200,,,WA640,
/mens-carhartt-wellignton-boot.html,Yes,200,,,CMP1100,
/mens-6-steel-toe-boot.html,Yes,200,,,CMW6274,
/mens-carhartt-ground-force-6-boot.html,Yes,200,,,CME6055,
/mens-carhartt-ground-force-6-composite-toe-boot.html,Yes,200,,,CME6355,
/mens-carhartt-insole.html,Yes,200,,,CMI9000,
/mens-carhartt-wellignton-steel-toe-boot.html,Yes,200,,,CMP1200,
/mens-carhartt-rugged-flex-6-composite-toe-boot.html,Yes,200,,,CMF6366,
/mens-carhartt-made-in-the-usa-composite-toe.html,Yes,200,,,CMZ6340,
/mens-tough-duck-5-point-tearaway-safety-vest.html,Yes,200,,,S9iO,
/mens-tough-duck-zip-front-fleece-hoodie-high-visibility.html,Yes,200,,,S494,
/mens-tough-duck-5-in-1thermal-jacket.html,Yes,200,,,S426,
/mens-dickies-performance-short-sleeve-team-shirt.html,Yes,200,,,LS605,
/mens-dickies-performance-long-sleeve-team-shirt.html,Yes,200,,,LL605,
/mens-dickies-worktech-vented-short-sleeve-shirt.html,Yes,200,,,LS516,
/mens-dickies-worktech-vent-short-long-shirt.html,Yes,200,,,LL516,
/mens-dickies-industrial-color-block-short-sleeve-shirt.html,Yes,200,,,LS524,
/mens-dickies-industrial-color-block-long-sleeve-shirt.html,Yes,200,,,LL524,
/mens-dickies-short-sleeve-work-shirt.html,Yes,200,,,1574,
/mens-dickies-long-sleeve-work-shirt.html,Yes,200,,,574,
/mens-dickies-team-performance-short-sleeve-polo-shirt.html,Yes,200,,,LS606,
/mens-dickies-team-performance-long-sleeve-polo-shirt.html,Yes,200,,,LL606,
/mens-dickies-multi-pocket-performance-pant.html,Yes,200,,,LP605,
/mens-dickies-ultimate-cargo-pant.html,Yes,200,,,LP537,
/mens-dickies-industrial-cargo-cotton-pant.html,Yes,200,,,LP377,
/mens-dickies-flex-work-pant.html,Yes,200,,,874F,
/mens-dickies-original-work-pant.html,Yes,200,,,874,
/mens-dickies-industrial-regular-fit-jeans.html,Yes,200,,,C993,
/mens-dickies-industrial-duck-carpenter-jeans.html,Yes,200,,,LU239,
/mens-dickies-carpenter-jeans.html,Yes,200,,,1993,
/mens-dickies-11-industrial-cargo-short.html,Yes,200,,,LR542,
/mens-dickies-11-regular-fit-industrial-cargo-short.html,Yes,200,,,LR600,
/mens-dickies-industrial-insulated-shop-jacket.html,Yes,200,,,LJ605,
/mens-dickies-fleece-lined-nylon-hooded-jacket.html,Yes,200,,,33-237,
/mens-dickies-sanded-duck-coveralls.html,Yes,200,,,TV243,
/mens-dickies-premium-insulated-coveralls.html,Yes,200,,,TV239,
/mens-dickies-sanded-duck-insulated-bib.html,Yes,200,,,TB244,
/mens-dickies-premium-sanded-duck-insulated-bib.html,Yes,200,,,TB246,
/mens-dickies-premium-insulated-duck-bib.html,Yes,200,,,TB839,
/mens-dickies-midweight-zip-hooded-sweatshirt.html,Yes,200,,,TW391,
/mens-dickies-midweight-pullover-hooded-sweatshirt.html,Yes,200,,,TW392,
/mens-dickies-thermal-lined-zip-hooded-sweatshirt.html,Yes,200,,,TW382,
/mens-dickies-deluxe-blended-coveralls.html,Yes,200,,,48799,
/mens-dickies-short-sleeve-flex-coveralls.html,Yes,200,,,33274,
/mens-dickies-long-sleeve-flex-coveralls.html,Yes,200,,,48274,
/mens-dickies-short-sleeve-coveralls.html,Yes,200,,,33999,
/mens-dickies-indigo-bib-overalls.html,Yes,200,,,83-294,
/mens-dickies-team-performance-polo.html,Yes,200,,,FS606,
/mens-dickies-premium-cargo-pant.html,Yes,200,,,FP2372,
/mens-dickies-premium-flat-front-pant.html,Yes,200,,,FP221,
/mens-dickies-original-work-pant-2239.html,Yes,200,,,FP774,
/mens-dickies-industrial-denim-5-pocket-jeans.html,Yes,200,,,FD231,
/mens-dickies-9-flat-front-short.html,Yes,200,,,FR221,
/womens-dickies-20-stretch-twill-skirt.html,Yes,200,,,FK201,
/mens-dickies-relaxed-fit-straight-leg-premium-painters-pant.html,Yes,200,,,WP820,
/womens-dickies-premium-painters-utility-pant.html,Yes,200,,,FP820,
/mens-railroad-socks-baker-dozen.html,Yes,200,,,BD12,
/mens-railroad-socks-therapeutic-socks.html,Yes,200,,,991,
/mens-railroad-socks-wool-6-pack.html,Yes,200,,,2844,
/mens-railroad-socks-copper-infused.html,Yes,200,,,4002,
/mens-railroad-socks-grey-crew-6-pack.html,Yes,200,,,6072,
/womens-wool-socks.html,Yes,200,,,1100,
/mens-fxd-cargo-pant.html,Yes,200,,,WP-1,
/mens-fxd-stretch-pant.html,Yes,200,,,WP-3,
/mens-fxd-jogger-pant.html,Yes,200,,,FX01616003,
/mens-fxd-core-2-pack-socks.html,Yes,200,,,SK-5,
/mens-red-kap-performance-plus-shop-shirt-oil-blok.html,Yes,200,,,SY42,
/mens-red-kap-performance-plus-shop-shirt.html,Yes,200,,,SY43,
/mens-red-kap-two-tone-solid-crew-shirt-long-sleeve.html,Yes,200,,,SY10,
/mens-red-kap-two-tone-solid-crew-shirt-short-sleeve.html,Yes,200,,,SY20,
/mens-red-kap-solid-ripstop-shirt-short-sleeve.html,Yes,200,,,SY60,
/mens-red-kap-solid-ripstop-shirt-long-sleeve.html,Yes,200,,,SY50,
/mens-red-kap-solid-ripstop-shirt-solid-dress-shirt-short-sleeve.html,Yes,200,,,SP60,
/mens-red-kap-solid-ripstop-shirt-deluxe-heavyweight-cotton-shirt.html,Yes,200,,,SC70,
/mens-red-kap-deluxe-denim-shirt-long-sleeve.html,Yes,200,,,SD78,
/mens-red-kap-easy-care-dress-shirt-short-sleeve.html,Yes,200,,,SS46,
/mens-red-kap-easy-care-dress-shirt-long-sleeve.html,Yes,200,,,SS36,
/mens-red-kap-executive-oxford-dress-shirt-short-sleeve.html,Yes,200,,,SR60,
/mens-red-kap-poplin-dress-shirt-short-sleeve.html,Yes,200,,,SP80,
/mens-red-kap-poplin-dress-shirt-long-sleeve.html,Yes,200,,,SP90,
/mens-red-kap-cotton-contrast-dress-shirt-short-sleeve.html,Yes,200,,,SC64,
/mens-red-kap-cotton-contrast-dress-shirt-long-sleeve.html,Yes,200,,,SC74,
/mens-red-kap-spun-polyester-polo-with-pocket.html,Yes,200,,,SK02,
/mens-red-kap-performance-knit-core-polo.html,Yes,200,,,SK96,
/mens-red-kap-performance-knit-polo-with-pocket.html,Yes,200,,,SK98,
/mens-red-kap-performance-knit-flex-series-pro-polo.html,Yes,200,,,SK90,
/mens-red-kap-performance-knit-flex-series-active-polo.html,Yes,200,,,SK92,
/mens-red-kap-performance-knit-flex-series-basic-pique-polo.html,Yes,200,,,7701,
/mens-red-kap-performance-knit-flex-series-polo-with-pocket.html,Yes,200,,,7702,
/mens-red-kap-dura-kap-industrial-pant.html,Yes,200,,,PT20,
/mens-red-kap-dura-kap-modern-fit-industrial-pant.html,Yes,200,,,PT22,
/mens-red-kap-dura-kap-red-e-prest-work-pant.html,Yes,200,,,PT10,
/mens-red-kap-dura-kap-elastic-insert-work-pant.html,Yes,200,,,PT60,
/mens-red-kap-dura-kap-utility-uniform-pant.html,Yes,200,,,PT62,
/mens-red-kap-dura-kap-pleated-twill-pant.html,Yes,200,,,PT38,
/mens-red-kap-dura-kap-industrial-cargo-pant.html,Yes,200,,,PT88,
/mens-red-kap-lightweight-crew-pant.html,Yes,200,,,PT2L,
/mens-red-kap-performance-shop-pant.html,Yes,200,,,PT2A,
/mens-red-kap-wrinkle-resistant-cotton-work-pant.html,Yes,200,,,PC20,
/mens-red-kap-plain-front-cotton-pant.html,Yes,200,,,PC44,
/mens-red-kap-cotton-cargo-pant.html,Yes,200,,,PC76,
/mens-red-kap-plain-front-side-elastic-short.html,Yes,200,,,PT42,
/mens-red-kap-plain-front-short.html,Yes,200,,,PT26,
/mens-red-kap-pleated-front-short.html,Yes,200,,,PT34,
/mens-red-kap-cargo-short.html,Yes,200,,,PT66,
/mens-red-kap-cell-phone-pocket-short.html,Yes,200,,,PT4C,
/mens-red-kap-relaxed-fit-jeans.html,Yes,200,,,PD60,
/mens-red-kap-loose-fit-carpenter-jeans.html,Yes,200,,,PD80,
/mens-red-kap-dura-kap-flex-work-jeans.html,Yes,200,,,PD90,
/mens-red-kap-blended-duck-carpenter-pant.html,Yes,200,,,PD30,
/mens-red-kap-zeroskratch-leather-belt.html,Yes,200,,,AB12,
/mens-red-kap-webbed-adjustable-belt.html,Yes,200,,,AB14,
/mens-red-kap-perma-lined-panel-jackets.html,Yes,200,,,JT50,
/mens-red-kap-perma-lined-solid-team-jackets.html,Yes,200,,,JT36,
/mens-red-kap-blended-duck-zip-front-hooded-jackets.html,Yes,200,,,JD20,
/mens-red-kap-blended-duckinsulatedvests.html,Yes,200,,,VD22,
/mens-red-kap-blended-duck-chore-coat.html,Yes,200,,,JD24,
/mens-red-kap-blended-duck-snap-on-hood.html,Yes,200,,,HD20,
/mens-red-kap-shop-apron.html,Yes,200,,,TD20,
/mens-red-kap-twill-action-back-coveralls-with-chest-pockets.html,Yes,200,,,CT10,
/mens-red-kap-speedsuit-short_sleeve.html,Yes,200,,,CP40,
/mens-red-kap-speedsuit-long_sleeve.html,Yes,200,,,CP30,
/mens-red-kap-insulatedtwill-coveralls.html,Yes,200,,,CT30,
/mens-red-kap-insulated-blended-duck-bib-overall.html,Yes,200,,,BD30,
/mens-red-kap-denim-bib-overall.html,Yes,200,,,BD10,
/womens-red-kap-industrial-work-shirt-short_sleeve.html,Yes,200,,,SP23,
/womens-red-kap-industrial-work-shirt-long_sleeve.html,Yes,200,,,SP13,
/womens-red-kap-specialized-pocketless-work-shirt.html,Yes,200,,,SP15,
/womens-red-kap-specialized-pocketless-work-shirt-2317.html,Yes,200,,,SP25,
/womens-red-kap-performance-knit-flex-series-pro-polo.html,Yes,200,,,SK91,
/womens-red-kap-dura-kap-industrial-pant.html,Yes,200,,,PT21,
/womens-red-kap-elastic-insert-work-pant.html,Yes,200,,,PT61,
/womens-red-kap-pleated-twill-slacks.html,Yes,200,,,PT39,
/womens-red-kap-work-nmotion-pant.html,Yes,200,,,PZ33,
/womens-red-kap-plain-front-shirt-touchtex-pro.html,Yes,200,,,PT27,
/womens-red-kap-straight-fit-jeans.html,Yes,200,,,PD63,
/mens-red-kap-type-r-class-2-ripstop-polyester-hi-vis.html,Yes,200,,,SY24HV,
/mens-red-kap-type-r-class-2-ripstop-polyester-hi-vis-2326.html,Yes,200,,,SY14HV,
/mens-red-kap-polyester-safety-vests-hi-vis.html,Yes,200,,,VYV6YE,
/mens-red-kap-polyester-hi-visibilty-t-shirt.html,Yes,200,,,SYK6HV,
/mens-red-kap-hi-visibility-bomber.html,Yes,200,,,JY38HVB,
/mens-red-kap-hi-vis-utility-pocket-pant.html,Yes,200,,,PT18HVB,
/mens-red-kap-hi-visibility-zip-front-coveralls.html,Yes,200,,,CT10HVB,
/womens-red-kap-double-breasted-lapel-tunic.html,Yes,200,,,9S03,
/womens-red-kap-single-breasted-lapel-tunic.html,Yes,200,,,9S05,
/womens-red-kap-pincord-slacks.html,Yes,200,,,2S11,
/womens-red-kap-poplin-pant.html,Yes,200,,,PP73,
/mens-red-kap-pincord-shirt-jackets.html,Yes,200,,,1S00,
/womens-red-kap-uniform-blouse-with-touchtex-technology.html,Yes,200,,,SP65,
/mens-red-kap-lab-coat-with-five-button-closure.html,Yes,200,,,KP14,
/womenss-red-kap-lab-coat-with-six-buttom-closure.html,Yes,200,,,KP13,
/mens-red-kap-chef-designs-vented-back-chef-coat.html,Yes,200,,,KV30,
/mens-red-kap-chef-designs-tunic-chef-coat.html,Yes,200,,,KT80,
/mens-red-kap-chef-designs-garnish-chef-coat.html,Yes,200,,,KT74,
/mens-red-kap-chef-designs-black-chef-coat.html,Yes,200,,,KT76,
/mens-red-kap-chef-designs-long-cook-shirt.html,Yes,200,,,5035,
/mens-red-kap-chef-designs-cook-shirt.html,Yes,200,,,5020,
/mens-red-kap-chef-designs-spun-polyester-baggy-chef-pant.html,Yes,200,,,PS54,
/mens-red-kap-chef-designs-cook-pant.html,Yes,200,,,2020,
/mens-red-kap-chef-designs-chef-hat-one-size-fits-all.html,Yes,200,,,HP60,
/mens-red-kap-chef-designs-skull-cap.html,Yes,200,,,HP70,
/womens-red-kap-chef-designs-standard-bib-apron.html,Yes,200,,,1751,
/womens-red-kap-chef-designs-bistro-apron.html,Yes,200,,,TT34,
/womens-red-kap-chef-designs-waist-apron.html,Yes,200,,,TT46,
/occunomix-terry-toppers-hard-hat-sweatband-navy-blue.html,Yes,200,,,870-NVY,
/occunomix-heavy-collapsible-hard-hat-shade-hi-vis-yellow.html,Yes,200,,,899-HVY,
/occunomix-miracool-pva-cooling-towel-display-blue.html,Yes,200,,,931-12DBL,
/occunomix-miracool-headband-navy.html,Yes,200,,,954-01,
/occunomix-high-visibility-value-two-tone-safety-vest.html,Yes,200,,,ECO-GC2T,
/occunomix-value-class-2-high-visibility-breakaway-mesh-safety-vest.html,Yes,200,,,ECO-GCB-YLW,
/occunomix-high-visibility-value-mesh-vest-class-2.html,Yes,200,,,ECO-GC-ORG,
/occunomix-class-2-high-visibility-value-mesh-surveyor-safety-vest.html,Yes,200,,,ECO-GCS-YLW,
/occunomix-class-2-high-visibility-value-mesh-safety-vest.html,Yes,200,,,ECO-GC-YLW,
/occunomix-class-3-high-visibility-breakaway-mesh-safety-vest.html,Yes,200,,,LUX-HSGCB-YLW,
/occunomix-black-bottom-high-visibility-wicking-birdseye-long-sleeve-shirt.html,Yes,200,,,LUX-LSETPBK,
/occunomix-two-tone-high-visibility-ranger-hat.html,Yes,200,,,LUX-RNG,
/occunomix-class-2-high-visibility-wicking-birdseye-mesh-safety-t-shirt.html,Yes,200,,,LUX-SSETP2B,
/occunomix-class-3-high-visibility-wicking-birdseye-mest-safety-t-shirt.html,Yes,200,,,LUX-SSETP3B,
/occunomix-class-2-high-visibility-black-bottom-wicking-birdseye-mest-safety-t-shirt.html,Yes,200,,,LUX-SSETPBK,
/occunomix-class-3-high-visibility-premium-4-in-1-black-bottom-bomber-jacket.html,Yes,200,,,LUX-TJBJ-B,
/occunomix-class-3-high-visibility-breathable-rain-jacket.html,Yes,200,,,LUX-TJR,
/occunomix-high-visibility-hard-hat-shade.html,Yes,200,,,OK-5057009,
/occunomix-tough-nougies-tie-hat-doo-rag-wavy-flag.html,Yes,200,,,TN5-WAV,
/mens-berne-original-washed-waterproof-insulated-bib-overall.html,Yes,200,,,B377,
/mens-berne-hi-visibility-easy-off-vests.html,Yes,200,,,HVV055,
/mens-berne-hi-visibility-hooded-active-jackets.html,Yes,200,,,HVF021,
/mens-berne-enhanced-visibility-knit-beanie.html,Yes,200,,,HVA152,
/mens-berne-hi-visibility-bucket-hat.html,Yes,200,,,HVA157,
/mens-berne-fr-button-down-workshirt.html,Yes,200,,,FRSH10,
/mens-berne-fr-hooded-sweatshirt.html,Yes,200,,,FRSZ06,
/mens-berne-fr-unlined-deluxe-coveralls.html,Yes,200,,,FRC04,
/mens-berne-fr-hooded-jackets.html,Yes,200,,,FRJ01,
/womens-berne-ladies-trek-jackets.html,Yes,200,,,WJ67,
/womens-berne-ladies-lined-5-pocket-jeans.html,Yes,200,,,WP2217,
/boys-berne-infant-washed-hooded-coat.html,Yes,200,,,BHJ42M,
/boys-berne-infantinsulatedbib-overall.html,Yes,200,,,BB22M,
/mens-dickies-chef-cargo-pocket-chef-pant.html,Yes,200,,,DC10,
/dickies-chef-unisex-chef-pant.html,Yes,200,,,DC12,
/mens-dickies-chef-traditional-baggy-with-zip-fly-chef-pant.html,Yes,200,,,DC14,
/dickies-chef-unisex-double-knee-baggy-chef-pant-chef-pant.html,Yes,200,,,DC15,
/dickies-chef-unisex-cool-breeze-chef-coat.html,Yes,200,,,DC410,
/womens-dickies-chef-womens-class-chef-coat.html,Yes,200,,,DC414,
/dickies-chef-unisex-class-cloth-covered-button-chef-coat.html,Yes,200,,,DC44,
/dickies-chef-unisex-classic-chef-coat.html,Yes,200,,,DC45,
/dickies-chef-unisex-classic-chef-coat-2393.html,Yes,200,,,DC46,
/dickies-chef-unisex-classic-chef-coat-2394.html,Yes,200,,,DC49,
/dickies-chef-waist-apronserver.html,Yes,200,,,DC56,
/dickies-chef-beanie.html,Yes,200,,,DC59,
/dickies-chef-traditional-chef-hat.html,Yes,200,,,DC591,
/mens-dickies-chef-poplin-cook-shirt.html,Yes,200,,,DC60,
/womens-cherokee-infinity-zip-front-warm-up-jackets.html,Yes,200,,,CK370A,
/womens-cherokee-revolution-mid-rise-pull-on-cargo-pant.html,Yes,200,,,WW110,
/womens-cherokee-revolution-mid-rise-drawstring-cargo-pant.html,Yes,200,,,WW120,
/womens-cherokee-revolution-v-neck-top.html,Yes,200,,,WW620,
/womens-cherokee-heart-breaker-low-rise-drawstring-pant.html,Yes,200,,,20110,
/womens-cherokee-heartsoul-shaped-v-neck-scrub-top.html,Yes,200,,,20710,
/womens-cherokee-infinity-mock-wrap-top.html,Yes,200,,,2625A,
/womens-cherokee-infinity-low-rise-drawstring-pant.html,Yes,200,,,1123A,
/mens-portwest-hi-vis-executive-5-in-1-jackets.html,Yes,200,,,US768,
/mens-portwest-hi-vis-lite-traffic-jackets.html,Yes,200,,,US160,
/mens-portwest-hi-vis-t-shirt-safety-yellow.html,Yes,200,,,S478,
/mens-portwest-aurora-sleeved-hi-vis-vests.html,Yes,200,,,US373,
/mens-portwest-economy-mesh-break-away-vests.html,Yes,200,,,US384,
/mens-portwest-jackson-contrast-hi-vis-vests.html,Yes,200,,,US372,
/mens-portwest-hi-vis-hooded-sweatshirt.html,Yes,200,,,B304,
/mens-portwest-hi-vis-sweatshirt.html,Yes,200,,,B303,
/mens-portwest-hi-vis-short_sleeve-polo.html,Yes,200,,,S477,
/mens-portwest-hi-vis-short_sleeved-polo-safety-orange.html,Yes,200,,,RT22,
/mens-portwest-two-tone-polo.html,Yes,200,,,S479,
/mens-portwest-hi-vis-rain-jackets.html,Yes,200,,,UH440,
/mens-portwest-hi-vis-rain-pants.html,Yes,200,,,H441,
/mens-portwest-hi-vis-polycotton-shorts.html,Yes,200,,,E043,
/portwest-peak-view-hard-hat-vented.html,Yes,200,,,PV50,
/mens-portwest-hi-vis-contrast-bomber-jackets.html,Yes,200,,,UC465,
/portwest-hard-hat-holder.html,Yes,200,,,PA10,
/rhino-tuff-puncture-resistant-insoles.html,Yes,200,,,rhinotuff,
/safety-toe-cap.html,Yes,200,,,ttu,
/removable-metatarsal-guards.html,Yes,200,,,metguards,
/mens-carolina-8-waterproof-logger.html,Yes,200,,,CA8821,
/mens-carolina-8-waterproof-logger-steel-toe.html,Yes,200,,,CA9821,
/mens-carolina-6-foreman-met-guard.html,Yes,200,,,CA3527,
/mens-carolina-6-circut-insulated-composite-toe.html,Yes,200,,,CA3535,
/mens-carolina-6-circut-waterproof-composite.html,Yes,200,,,CA3536,
/mens-carolina-opanka-low-cut-sd-aluminium-toe.html,Yes,200,,,CA3584,
/mens-carolina-opanka-low-cut-sd-aluminium-toe-2433.html,Yes,200,,,CA3585,
/mens-carolina-6-foreman-steel-external-met-guard.html,Yes,200,,,CA3630,
/mens-carolina-carbon-composite.html,Yes,200,,,CA4551,
/mens-carolina-anode-carbon-composite.html,Yes,200,,,CA5526,
/mens-carolina-low-cut-sd-aluminium-toe.html,Yes,200,,,CA6550,
/mens-carolina-8-waterproof-logger-steel.html,Yes,200,,,CA7522,
/mens-carolina-miter-ext-carbon-external-met.html,Yes,200,,,CA5586,
/mens-carolina-d30-internal-met-guard.html,Yes,200,,,CA5587,
/mens-carolina-6-internal-met-guard.html,Yes,200,,,CA5582,
/test-product.html,Yes,200,,,test,
/mens-wolverine-floorhand-dark-brown-6-steel-toe-waterproof.html,Yes,200,,,10633,
/occunomix-miracool-cooling-hard-hat-pad-blue.html,Yes,200,,,968OCC,
/mens-ariat-edge-lte-chukka-composite-toe.html,Yes,200,,,10024951,
/ariat-distressed-brown-rodeo-wallet.html,Yes,200,,,A3510844,
/ariat-distressed-brown-trifold-wallet.html,Yes,200,,,A3511044,
/ariat-camo-flag-trifold-wallet.html,Yes,200,,,A3536644,
/ariat-rowdy-money-clip.html,Yes,200,,,A35124282,
/ariat-rowdy-trifold-wallet.html,Yes,200,,,A35122282,
/ariat-rowdy-rodeo-wallet.html,Yes,200,,,A35118282,
/ariat-black-mesh-cap.html,Yes,200,,,1597801,
/ariat-camo-flag-cap.html,Yes,200,,,151052,
/mens-tri-mountain-duck-jacket.html,Yes,200,,,4600,
/mens-tri-mountain-mini-pipue-performance-polo.html,Yes,200,,,K020,
/mens-tri-mountain-tinacity-polo.html,Yes,200,,,108,
/mens-tri-mountain-vigor-performance-polo.html,Yes,200,,,158,
/mens-tri-mountain-chairman-shirt.html,Yes,200,,,780,
/mens-tri-mountain-director-shirt.html,Yes,200,,,808,
/mens-port-authority-silk-touch-polos.html,Yes,200,,,K500,
/womens-port-authority-silk-touch-polos.html,Yes,200,,,L500,
/mens-port-authority-silk-touch-pocket-polos.html,Yes,200,,,K500P,
/womens-port-authority-silk-touch-pocket-polos.html,Yes,200,,,K500LSP,
/womens-port-authority-ladies-superpro-oxford-shirt.html,Yes,200,,,L658,
/mens-port-authority-superpro-oxford-shirt.html,Yes,200,,,S658,
/mens-port-authority-slim-fit-superpro-oxford-shirt.html,Yes,200,,,S661,
/womens-port-authority-ladies-short_sleeve-superpro-oxford-shirt.html,Yes,200,,,L659,
/mens-port-authority-short_sleeve-superpro-oxford-shirt.html,Yes,200,,,S659,
/mens-port-authority-essential-style-long_sleeveuniform-shirt.html,Yes,200,,,S608,
/womens-port-authority-essential-style-ladies-long_sleeveuniform-shirt.html,Yes,200,,,L608,
/mens-port-authority-essential-style-short_sleeve-uniform-shirt.html,Yes,200,,,S508,
/womens-port-authority-essential-style-ladies-short_sleeve-uniform-shirt.html,Yes,200,,,L508,
/mens-port-authority-essential-style-long_sleevecarefree-poplin-shirt.html,Yes,200,,,W100,
/womens-port-authortiy-essential-style-long_sleeve-carefree-poplin-shirt.html,Yes,200,,,LW100,
/mens-port-authority-slim-fit-carefree-poplin-shirt.html,Yes,200,,,W103,
/mens-port-authority-essential-style-short_sleeve-carefree-poplin-shirt.html,Yes,200,,,W101,
/port-company-fan-favorite-tee.html,Yes,200,,,PC450,
/port-company-essential-tee.html,Yes,200,,,PC61,
/port-company-essential-pocket-tee.html,Yes,200,,,PC61P,
/port-company-essential-pocket-long-sleeve-tee.html,Yes,200,,,PC61LSP,
/adult-port-company-essential-fleece-crewneck-sweatshirt.html,Yes,200,,,PC90,
/gildan-heavy-cotton-tee.html,Yes,200,,,5000,
/kids-gildan-heavy-cotton-tee.html,Yes,200,,,5000B,
/mens-sport-tek-super-heavyweight-crewneck-sweatshirt.html,Yes,200,,,F280,
/mens-sport-tek-super-heavyweight-hooded-sweatshirt.html,Yes,200,,,F281,
/mens-sport-tek-super-heavyweight-full-zip-sweatshirt.html,Yes,200,,,F282,
/mens-sport-tek-pullover-sweatshirts.html,Yes,200,,,ST254,
/womens-sport-tek-pullover-sweatshirts.html,Yes,200,,,LST254,
/kids-sport-tek-pullover-sweatshirts.html,Yes,200,,,YST254,
/adult-port-company-core-fleece-pullover-hooded-sweatshirt.html,Yes,200,,,PC78H,
/youth-port-company-hooded-sweatshirt.html,Yes,200,,,PC90YH,
/mens-port-authority-fleece-full-zip-jacket.html,Yes,200,,,F233,
/womens-port-authority-fleece-full-zip-jacket.html,Yes,200,,,L233,
/mens-port-authority-3-in-1-jacket.html,Yes,200,,,J777,
/mens-port-authority-heavyweight-parka.html,Yes,200,,,J799,
/mens-port-authority-all-season-ii-jacket.html,Yes,200,,,J394,
/womens-port-authority-all-season-ii-jacket.html,Yes,200,,,L304,
/mens-port-authority-classic-challenger-jacket.html,Yes,200,,,J754,
/adult-port-authority-enhanced-visibility-cap.html,Yes,200,,,C836,
/adult-port-authority-enhanced-visibility-beanie.html,Yes,200,,,CS800,
/adult-port-authority-enhanced-visibility-ansi-107-cap.html,Yes,200,,,CS802,
/adult-new-era-snapback-trucker-cap.html,Yes,200,,,NE403,
/adult-port-authority-washed-twill-cap.html,Yes,200,,,CP79,
/adult-port-authority-flex-fit-cap.html,Yes,200,,,C865,
/mens-charles-river-back-bay-soft-shell-jacket.html,Yes,200,,,9923,
/womens-charles-river-back-bay-soft-shell-jacket.html,Yes,200,,,5923,
/womens-charles-river-back-bay-new-englander-jacket.html,Yes,200,,,5996,
/mens-charles-river-back-bay-new-englander-jacket.html,Yes,200,,,9199,
/mens-charles-river-back-bay-new-englander-pant.html,Yes,200,,,9198,
/adult-charles-river-cyclone-eva-poncho.html,Yes,200,,,9207,
/mens-charles-river-wellesley-polo.html,Yes,200,,,3915,
/adult-charles-river-crosswind-quater-zip.html,Yes,200,,,9359,
/portwest-peak-view-hard-hat-vented-2513.html,Yes,200,,,PV60,
/portwest-full-brim-hard-hat.html,Yes,200,,,PS52,
/portwest-full-brim-vented-hard-hat.html,Yes,200,,,PW52,
/portwest-peak-view-hard-hat-vented-2516.html,Yes,200,,,PV64,
/portwest-vega-led-vest.html,Yes,200,,,L470,
/mens-fxd-jogger-pant-2518.html,Yes,200,,,WP-4,
/mens-fxd-short.html,Yes,200,,,WS-1,
/miva-test-product.html,Yes,200,,,miva_test_product,
/mens-carhartt-relaxed-fit-holter-jean-2521.html,Yes,200,,,101483,
/miva-test-product-2.html,Yes,200,,,miva_test_product_2,
/miva-test-product-3.html,Yes,200,,,miva_test_product_3,
/miva-test-product-4.html,Yes,200,,,miva_test_product_4,
/miva-test-product-5-aenean-tincidunt-quam-ut-convallis-lacinia-donec-eleifend-semper-nisl-et-blandi.html,Yes,200,,,miva_test_product_5,
/miva-test-product-rem-1.html,Yes,200,,,miva_rem_prod_1,
/miva-test-product-rem-2.html,Yes,200,,,miva_rem_prod_2,
/womens-justin-gypsy-steel-toe-pull-on-eh.html,Yes,200,,,WKL9991,
/mens-berne-flex180-washed-hooded-jackets-bark.html,Yes,200,,,HJ317BB,
/mens-berne-flex180-washed-hooded-jackets-black.html,Yes,200,,,HJ317BK,
/mens-berne-flex180-washed-chore-coat-black.html,Yes,200,,,CH317BK,
/mens-berne-flex180-washed-chore-coat-bark.html,Yes,200,,,CH317BB,
/mens-berne-original-washed-hooded-jackets-moss-green.html,Yes,200,,,HJ375MGN,
/mens-berne-original-washed-hooded-jackets-bark.html,Yes,200,,,HJ375BB,
/mens-berne-original-washed-hooded-jackets-black.html,Yes,200,,,HJ375BK,
/mens-berne-washed-hooded-sherpa-lined-work-coat-bark.html,Yes,200,,,HJ626BB,
/mens-berne-washed-hooded-sherpa-lined-work-coat-greystone.html,Yes,200,,,HJ626GSN,
/mens-berne-original-washed-chore-coat-bark.html,Yes,200,,,CH377BB,
/mens-berne-original-washed-chore-coat-black.html,Yes,200,,,CH377BK,
/mens-berne-original-washed-chore-coat-olive-duck.html,Yes,200,,,CH377OD,
/mens-berne-highland-washed-gasoline-jacket-midnight.html,Yes,200,,,J374MD,
/mens-berne-highland-washed-gasoline-jacket-bark.html,Yes,200,,,J374BB,
/mens-berne-original-hooded-jackets-black.html,Yes,200,,,HJ51BK,
/mens-berne-original-hooded-jackets-brown.html,Yes,200,,,HJ51BD,
/mens-berne-original-hooded-jackets-navy.html,Yes,200,,,HJ51ND,
/mens-berne-original-chore-coat-brown.html,Yes,200,,,CH416BD,
/mens-berne-original-chore-coat-black.html,Yes,200,,,CH416BK,
/mens-berne-heathered-modern-hooded-jacket-titanium.html,Yes,200,,,HJ62TNM,
/mens-berne-heathered-modern-hooded-jacket-bark.html,Yes,200,,,HJ62BB,
/mens-berne-modern-hooded-jackets-black.html,Yes,200,,,HJ61BK,
/mens-berne-modern-hooded-jackets-bark.html,Yes,200,,,HJ61BB,
/mens-berne-modern-hooded-jackets-navy.html,Yes,200,,,HJ61ND,
/mens-berne-quarry-flannel-lined-hooded-coat-forest-green.html,Yes,200,,,HJ56FG,
/mens-berne-quarry-flannel-lined-hooded-coat-black.html,Yes,200,,,HJ56BK,
/mens-berne-quarry-flannel-lined-hooded-coat-bark.html,Yes,200,,,HJ56BB,
/mens-berne-flagstone-flannel-lined-duck-jacket-driftwood.html,Yes,200,,,JL17DW,
/mens-berne-flagstone-flannel-lined-duck-jacket-bark.html,Yes,200,,,JL17BB,
/mens-berne-washed-v-neck-vests-bark.html,Yes,200,,,VW531BB,
/mens-berne-washed-v-neck-vests-black.html,Yes,200,,,VW531BK,
/mens-berne-duck-workmans-vests-brown.html,Yes,200,,,V812BD,
/mens-berne-duck-workmans-vests-black.html,Yes,200,,,V812BK,
/mens-berne-highland-washed-insulated-bib-overall-bark.html,Yes,200,,,B377BB,
/mens-berne-highland-washed-insulated-bib-overall-black.html,Yes,200,,,B377BK,
/mens-berne-highland-washed-insulated-bib-overall-brown.html,Yes,200,,,B377BD,
/mens-berne-deluxe-insulated-bib-overall-brown.html,Yes,200,,,B415BD,
/mens-berne-deluxe-insulated-bib-overall-black.html,Yes,200,,,B415BK,
/mens-berne-deluxe-twill-waterproof-insulated-bib-overall.html,Yes,200,,,B414NV,
/mens-berne-deluxe-twill-insulated-coveralls-black.html,Yes,200,,,I417BK,
/mens-berne-deluxe-twill-insulated-coveralls-brown.html,Yes,200,,,I417BD,
/mens-berne-timber-flannel-shirt-jacket-red-plaid.html,Yes,200,,,SH69PRE,
/mens-berne-timber-sherpa-lined-shirt-jacket-red-slate.html,Yes,200,,,SH70PR,
/mens-berne-caster-flannel-lined-shirt-jacket-slate.html,Yes,200,,,SH71SLA,
/mens-berne-caster-flannel-lined-shirt-jacket-navy.html,Yes,200,,,SH71ND,
/mens-berne-deluxe-unlined-coveralls.html,Yes,200,,,C210NV,
/mens-berne-poplin-short-sleeve-coveralls-navy.html,Yes,200,,,P700NV,
/mens-berne-poplin-short-sleeve-coveralls-charcoal.html,Yes,200,,,P700CH,
/mens-berne-unlined-washed-duck-bib-overall-bark.html,Yes,200,,,B1068BB,
/mens-berne-original-unlined-duck-bib-overall-brown.html,Yes,200,,,B1067BD,
/mens-berne-original-unlined-bib-overall.html,Yes,200,,,B1212DN,
/mens-berne-original-unlined-washed-bib-overall.html,Yes,200,,,B910SWD,
/mens-berne-thermal-lined-hooded-sweatshirt-black.html,Yes,200,,,SZ101BK,
/mens-berne-thermal-lined-hooded-sweatshirt-charcoal.html,Yes,200,,,SZ101CH,
/mens-berne-thermal-lined-hooded-sweatshirt-dark-brown.html,Yes,200,,,SZ101DBN,
/mens-berne-thermal-lined-hooded-sweatshirt-navy.html,Yes,200,,,SZ101NV,
/mens-signature-sleeve-pullover-black.html,Yes,200,,,SP401BK,
/mens-signature-sleeve-pullover-charcoal.html,Yes,200,,,SP401CH,
/mens-berne-mortar-thermal-lined-pull-over-black.html,Yes,200,,,SP300BK,
/mens-berne-mortar-thermal-lined-pull-over-navy.html,Yes,200,,,SP300NV,
/mens-berne-mortar-thermal-lined-pull-over-charcoal.html,Yes,200,,,SP300CH,
/mens-berne-shield-tee-deep-red.html,Yes,200,,,BSM11DR,
/mens-berne-heavyweight-long-sleevepocket-tee-black.html,Yes,200,,,BSM23BK,
/mens-berne-heavyweight-long-sleevepocket-tee-navy.html,Yes,200,,,BSM23NV,
/mens-berne-heavyweight-short_sleeve-pocket-tee-desert.html,Yes,200,,,BSM16DS,
/mens-berne-heavyweight-short_sleeve-pocket-tee-black.html,Yes,200,,,BSM16BK,
/mens-berne-heavyweight-short_sleeve-pocket-tee-navy.html,Yes,200,,,BSM16NV,
/mens-berne-lightweight-performance-long-slee-tee-black.html,Yes,200,,,BSM39BK,
/mens-berne-lightweight-performance-long-slee-tee-navy.html,Yes,200,,,BSM39NV,
/mens-berne-quarry-pocket-jean-granite.html,Yes,200,,,P522GRA,
/mens-berne-class-5-pocket-work-jeans.html,Yes,200,,,P999SWD,
/mens-berne-classic-carpenter-jeans.html,Yes,200,,,P998SWD,
/mens-berne-ripstop-cargo-pant.html,Yes,200,,,P917PTY,
/mens-berne-washed-duck-carpenter-pant-bark.html,Yes,200,,,P967BB,
/mens-berne-accessory-hood-brown.html,Yes,200,,,HD100BD,
/mens-berne-accessory-hood-black.html,Yes,200,,,HD100BK,
/mens-berne-accessory-hood-navy.html,Yes,200,,,HD100NV,
/mens-berne-washed-duck-accessory-hood-bark.html,Yes,200,,,HD101BB,
/mens-berne-washed-duck-accessory-hood-midnight.html,Yes,200,,,HD101MD,
/mens-berne-knit-cuff-cap-brown.html,Yes,200,,,H150BD,
/mens-berne-knit-cuff-cap-black.html,Yes,200,,,H150BK,
/mens-berne-classic-leather-work-glove.html,Yes,200,,,GLV67GLD,
/mens-berne-insulated-work-glove-brown.html,Yes,200,,,GLV12BD,
/mens-berne-insulatedwork-glove-black.html,Yes,200,,,GLV12BK,
/mens-berne-heavy-duty-utility-glove.html,Yes,200,,,GLV50BD,
/mens-berne-heavy-duty-utility-glove-2614.html,Yes,200,,,GLV50BK,
/mens-berne-hi-visibility-short-sleeve-pocket-tee.html,Yes,200,,,HVK002YW,
/mens-berne-hi-visibility-long-sleevepocket-tee.html,Yes,200,,,HVK003YW,
/mens-berne-hi-visibilty-short-sleeve-pocket-tee.html,Yes,200,,,HVK007YW,
/mens-berne-hi-visibility-economy-vests.html,Yes,200,,,HVV042YW,
/mens-berne-fr-deluxe-bib-overall-brown.html,Yes,200,,,FRB05BD,
/mens-berne-fr-deluxe-bib-overall-navy.html,Yes,200,,,FRB05ND,
/womens-berne-ladies-modern-vests-dark-brown.html,Yes,200,,,WV24DBN,
/womens-berne-ladies-modern-vests-plum.html,Yes,200,,,WV24PLM,
/womens-berne-ladies-modern-jackets-bark.html,Yes,200,,,WHJ64BB,
/womens-berne-ladies-washed-hooded-coat-baltic-blue.html,Yes,200,,,WHJ43BLB,
/womens-berne-ladies-washed-hooded-coat-dark-brown.html,Yes,200,,,WHJ43DBN,
/womens-berne-ladies-washed-hooded-coat-plum.html,Yes,200,,,WHJ43PLM,
/womens-berne-ladies-quilted-barn-coat-dark-brown.html,Yes,200,,,WCH65DBN,
/womens-berne-ladies-quilted-barn-coat-plum.html,Yes,200,,,WCH65PLM,
/womens-berne-ladies-quilted-barn-coat-titanium.html,Yes,200,,,WCH65TNM,
/womens-berne-ladies-waterproof-insulated-bib-black.html,Yes,200,,,WB515BK,
/womens-berne-ladies-waterproof-insulated-bib-dark-brown.html,Yes,200,,,WB515DBN,
/womens-berne-ladies-waterproof-insulated-bib-plum.html,Yes,200,,,WB515PLM,
/womens-berne-ladies-fleece-lined-sweatshirt-plum.html,Yes,200,,,WSZ117PLH,
/womens-berne-ladies-fleece-lined-sweatshirt-jade.html,Yes,200,,,WSZ117JDH,
/boys-berne-modern-youth-hooded-jackets-bark.html,Yes,200,,,BHJ61BB,
/boys-berne-modern-youth-hooded-jackets-plum.html,Yes,200,,,BHJ61PLM,
/boys-berne-washed-hooded-coat-bark.html,Yes,200,,,BHJ42BB,
/girls-berne-washed-hooded-coat-plum.html,Yes,200,,,BHJ41PLM,
/girls-berne-washed-hooded-coat-plum-2639.html,Yes,200,,,BHJ41TPLM,
/boys-berne-youth-insulated-bib-overall.html,Yes,200,,,BB21BB,
/girls-berne-youth-insulated-bib-overall.html,Yes,200,,,BB21PLM,
/workwear.html,Yes,200,,workwear,,
/outerwear.html,Yes,200,,outerwear,,
/footwear.html,Yes,200,,footwear,,
/uniforms.html,Yes,200,,uniforms,,
/services.html,Yes,200,,services,,
/specials.html,Yes,200,,specials,,
/accessories.html,Yes,200,,accessories,,
/work-shoes.html,Yes,200,,work_shoes,,
/metatarsal-guard.html,Yes,200,,metatarsal_guard,,
/footwear-sale.html,Yes,200,,footwear_sale,,
/footwear-new.html,Yes,200,,footwear_new,,
/workwear-shirts.html,Yes,200,,workwear_shirts,,
/workwear-pants.html,Yes,200,,work_wear_pants,,
/workwear-shorts.html,Yes,200,,workwear_shorts,,
/workwear-bibs-coveralls.html,Yes,200,,workwear_bibs_coveralls,,
/workwear-hi-vis.html,Yes,200,,workwear_hi_vis,,
/workwear-flame-resistant.html,Yes,200,,workwear_flame_resistant,,
/workwear-sale.html,Yes,200,,workwear_sale,,
/workwear-new.html,Yes,200,,workwear_new,,
/sweatshirts.html,Yes,200,,outerwear_sweatshirts,,
/outerwear-jackets-and-coats.html,Yes,200,,outerwear_jackets_coats,,
/outerwear-vests.html,Yes,200,,outerwear_vests,,
/outerwear-base-layers.html,Yes,200,,outerwear_base_layers,,
/outerwear-insulated-bibs-coveralls.html,Yes,200,,outerwear_insulated_bibs_coveralls,,
/rainwear.html,Yes,200,,outerwear_rainwear,,
/outerwear-hi-vis.html,Yes,200,,outerwear_hi_vis,,
/outerwear-flame-resistant.html,Yes,200,,outerwear_flame_resistant,,
/outerwear-sale.html,Yes,200,,outerwear_sale,,
/outerwear-new.html,Yes,200,,outerwear_new,,
/uniforms-shirts.html,Yes,200,,uniforms_shirts,,
/uniforms-sweatshirts.html,Yes,200,,uniforms_sweatshirts,,
/uniform-pants.html,Yes,200,,uniform_pants,,
/uniforms-shorts.html,Yes,200,,uniforms_shorts,,
/uniforms-jackets-coats.html,Yes,200,,uniforms_jackets_coats,,
/uniforms-medical.html,Yes,200,,uniforms_medical,,
/uniforms-hospitality.html,Yes,200,,uniforms_hospitality,,
/uniforms-culinary.html,Yes,200,,uniforms_culinary,,
/uniforms-featured-products.html,Yes,200,,uniforms_featured_products,,
/safety-toe-shoes-6in.html,Yes,200,,safety_toe_shoes_6in,,
/safety-toe-shoes-8in.html,Yes,200,,safety_toe_shoes_8in,,
/safety-toe-shoes-pull-on.html,Yes,200,,safety_toe_shoes_pull_on,,
/safety-toe-shoes-athletic.html,Yes,200,,safety_toe_shoes_athletic,,
/safety-toe-shoes-casual-dress.html,Yes,200,,safety_toe_shoes_casual_dress,,
/safety-toe-shoes-lowcut-hiker.html,Yes,200,,safety_toe_shoes_lowcut_hiker,,
/safety-toe-shoes-logger.html,Yes,200,,safety_toe_shoes_logger,,
/safety-toe-shoes-duty.html,Yes,200,,Safety_toe_shoes_duty,,
/metatarsal-guard-6in.html,Yes,200,,metatarsal_guard_6in,,
/metatarsal-guard-pull-on.html,Yes,200,,metatarsal_guard_pull_on,,
/metatarsal-guard-casual-dress.html,Yes,200,,metatarsal_guard_casual_dress,,
/metatarsal-guard-low-cut-hiker.html,Yes,200,,metatarsal_guard_low_cut_hiker,,
/work-shoes-6in.html,Yes,200,,work_shoes_6in,,
/work-shoes-8in.html,Yes,200,,work_shoes_8in,,
/work-shoes-pull-on.html,Yes,200,,work_shoes_pull_on,,
/work-shoes-athletic.html,Yes,200,,work_shoes_athletic,,
/work-shoes-casual-dress.html,Yes,200,,work_shoes_casual_dress,,
/work-shoes-lowcut-hiker.html,Yes,200,,work_shoes_lowcut_hiker,,
/work-shoes-logger.html,Yes,200,,work_shoes_logger,,
/slip-resistant-service-shoes.html,Yes,200,,slip_resistant_service_shoes,,
/work-shoes-duty.html,Yes,200,,work_shoes_duty,,
/shirts-short-sleeve.html,Yes,200,,shirts_short_sleeve,,
/shirts-long-sleeve.html,Yes,200,,shirts_long_sleeve,,
/coveralls-short-sleeve.html,Yes,200,,coveralls_short_sleeve,,
/coveralls-long-sleeve.html,Yes,200,,coveralls_long_sleeve,,
/hi-vis-shirts.html,Yes,200,,hi_vis_shirts,,
/hi-vis-vests.html,Yes,200,,hi_vis_vests,,
/flame-resistant-shirts.html,Yes,200,,flame_resistant_shirts,,
/flame-resistant-coveralls.html,Yes,200,,flame_resistant_coveralls,,
/flame-resistant-sweatshirts.html,Yes,200,,flame_resistant_sweatshirts,,
/flame-resistant-vests.html,Yes,200,,flame_resistant_vests,,
/flame-resistant-jackets-coats.html,Yes,200,,flame_resistant_jackets_coats,,
/flame-resistant-insulated-bibs-coveralls.html,Yes,200,,flame_resistant_insulated_bibs_coveralls,,
/rainwear-jackets.html,Yes,200,,outerwear_rainwear_jackets,,
/rainwear-pants.html,Yes,200,,rainwear_pants,,
/rainwear-bibs.html,Yes,200,,rainwear_bibs,,
/rainwear-hi-vis.html,Yes,200,,hi_vis_rainwear,,
/hi-vis-jacket-coats.html,Yes,200,,hi_vis_jacket_coats,,
/hi-vis-sweatshirts.html,Yes,200,,hi_vis_sweatshirts,,
/shirts-base-layers.html,Yes,200,,shirts_base_layers,,
/pants-base-layers.html,Yes,200,,pants_base_layers,,
/gifts.html,Yes,200,,gifts,,
/insoles.html,Yes,200,,insoles,,
/socks.html,Yes,200,,socks,,
/shoe-care-products.html,Yes,200,,shoe_care_products,,
/laces.html,Yes,200,,laces,,
/hi-vis-accessories.html,Yes,200,,accessories_hi_vis,,
/accessories-knit-hats.html,Yes,200,,accessories_knit_hats,,
/accessories-caps.html,Yes,200,,accessories_caps,,
/accessories-wallets.html,Yes,200,,accessories_wallets,,
/accessories-belts.html,Yes,200,,accessories_belts,,
/accessories-hospitality.html,Yes,200,,accessories_hospitality,,
/accessories-work-aprons.html,Yes,200,,accessories_work_aprons,,
/accessories-socks.html,Yes,200,,accessories_socks,,
/accessories-insoles.html,Yes,200,,accessories_insoles,,
/accessories-cooling.html,Yes,200,,accessories_cooling,,
/detached-hoods.html,Yes,200,,accessories_detached_hoods,,
/gloves.html,Yes,200,,gloves,,
/hard-hats.html,Yes,200,,hard_hats,,
/gifts-knit-hats.html,Yes,200,,gifts_knit_hats,,
/gifts-caps.html,Yes,200,,gifts_caps,,
/gifts-wallets.html,Yes,200,,gifts_wallets,,
/gifts-belts.html,Yes,200,,gifts_belts,,
/gloves-leather.html,Yes,200,,gloves_leather,,
/gloves-insulated.html,Yes,200,,gloves_insulated,,
/gloves-deterity.html,Yes,200,,gloves_dexterity,,
/metatarsal-guard-athletic.html,Yes,200,,metatarsal_guard_athletic,,
/accessories-protection.html,Yes,200,,accessories_protection,,
/workwear-pants-1558.html,Yes,200,,workwear_pants,,
/metatarsal-guard-8in.html,Yes,200,,metatarsal_guard_8in,,
/work-pants.html,Yes,200,,work_pants,,
/pants-jeans.html,Yes,200,,pants_jeans,,
/culinary-chef-coats.html,Yes,200,,culinary_chef_coats,,
/culinary-pants.html,Yes,200,,culinary_pants,,
/culinary-cook-shirts.html,Yes,200,,culinary_cook_shirts,,
/culinary-aprons-hats.html,Yes,200,,culinary_aprons_hats,,
/safety-toe-shoes-rubber-boots.html,Yes,200,,safety_toe_shoes_rubber_boots,,
/work-shoes-rubber-boots.html,Yes,200,,work_shoes_rubber_boots,,
/short-sleeve.html,Yes,200,,uniforms_shirts_short_sleeve,,
/uniforms-long-sleeve-shirt.html,Yes,200,,uniforms_shirts_long_slleve,,
/lined-pants.html,Yes,200,,pants_lined,,
/rainwear-pants-1571.html,Yes,200,,outerwear_rainwear_pants,,
/rainwear-bibs-1572.html,Yes,200,,outerwear_rainwear_bibs,,
/hi-vis-pants.html,Yes,200,,hi_vis_pants,,
/hi-vis-shorts.html,Yes,200,,hi_vis_shorts,,
/hi-vis-coveralls.html,Yes,200,,hi_vis_coveralls,,
/cuilary-accessories.html,Yes,200,,culinary_accessories,,
/duty-8.html,Yes,200,,work_shoes_duty_8in,,
/duty-6.html,Yes,200,,work_shoes_duty_6in,,
/safety-toe-duty-8.html,Yes,200,,safety_toe_shoes_duty_8in,,
/safety-toe-duty-6.html,Yes,200,,safety_toe_shoes_duty_6in,,
/service-casual-dress.html,Yes,200,,slip_resistant_service_shoes_casual_dress,,
/hospitality-pants.html,Yes,200,,hospitality_pants,,
/hospitality-shirts.html,Yes,200,,hospitality_shirts,,
/uniform-pants-1584.html,Yes,200,,uniforms_pants,,
/metataral-guard-athletic.html,Yes,200,,metataral_guard_athletic,,
/long-sleeve.html,Yes,200,,uniforms_shirts_long_sleeve,,
/accessories-bags.html,Yes,200,,accessories_bags,,
/miva-testing.html,Yes,200,,miva_testers,,
/brands.html,Yes,200,,brands,,
/berne.html,Yes,200,,brands_berne,,
/carhartt.html,Yes,200,,brands_carhartt,,
/cat.html,Yes,200,,brands_cat,,
/dickies.html,Yes,200,,brands_dickies,,
/keen-utility.html,Yes,200,,brands_keen,,
/featured-products.html,Yes,200,,featured_prods,,
/miva.html,Yes,200,,brands_miva,,
/timberland-pro.html,Yes,200,,brands_timberland_pro,,
/ariat.html,Yes,200,,brands_ariat,,
/georgia-boot.html,Yes,200,,brands_georgia_boot,,
/thorogood.html,Yes,200,,brands_thorogood,,
/rocky.html,Yes,200,,brands_rocky,,
/carolina.html,Yes,200,,brands_carolina,,
/wolverine.html,Yes,200,,brands_wolverine,,
/reebok-work.html,Yes,200,,brands_reebok_work,,
/stanley-boots.html,Yes,200,,brands_stanley_boots,,
/avenger.html,Yes,200,,brands_avenger,,
/bogs.html,Yes,200,,brands_bogs,,
/rockport-work.html,Yes,200,,brands_rockport_work,,
/florsheim-works.html,Yes,200,,brands_florsheim_work,,
/iron-age.html,Yes,200,,brands_iron_age,,
/mcrae.html,Yes,200,,brands_mcrae,,
/tri-mountain.html,Yes,200,,brands_tri_mountain,,
/san-mar.html,Yes,200,,brands_san_mar,,
/red-kap.html,Yes,200,,brands_red_kap,,
/charles-river.html,Yes,200,,brands_charles_river,,
/tough-duck.html,Yes,200,,brands_tough_duck,,
/fxd.html,Yes,200,,brands_fxd,,
/railroad-socks.html,Yes,200,,brands_railroad_socks,,
/occunomix.html,Yes,200,,brands_occunomix,,
/dickies-chef.html,Yes,200,,brands_dickies_chef,,
/cherokee.html,Yes,200,,brands_cherokee,,
/puma.html,Yes,200,,brands_puma,,
/justin.html,Yes,200,,brands_justin,,
/safety-toe-shoes.html,Yes,200,,safety_toe_shoes,,
/footwear/safety-toe-shoes.html,No,301,,safety_toe_shoes,,
/footwear/work-shoes.html,No,301,,work_shoes,,
/footwear/metatarsal-guard.html,No,301,,metatarsal_guard,,
/footwear/footwear-sale.html,No,301,,footwear_sale,,
/footwear/footwear-new.html,No,301,,footwear_new,,
/workwear/workwear-shirts.html,No,301,,workwear_shirts,,
/workwear/workwear-pants.html,No,301,,work_wear_pants,,
/workwear/workwear-shorts.html,No,301,,workwear_shorts,,
/workwear/workwear-bibs-coveralls.html,No,301,,workwear_bibs_coveralls,,
/workwear/workwear-hi-vis.html,No,301,,workwear_hi_vis,,
/workwear/workwear-flame-resistant.html,No,301,,workwear_flame_resistant,,
/workwear/workwear-sale.html,No,301,,workwear_sale,,
/workwear/workwear-new.html,No,301,,workwear_new,,
/outerwear/sweatshirts.html,No,301,,outerwear_sweatshirts,,
/outerwear/outerwear-jackets-and-coats.html,No,301,,outerwear_jackets_coats,,
/outerwear/outerwear-vests.html,No,301,,outerwear_vests,,
/outerwear/outerwear-base-layers.html,No,301,,outerwear_base_layers,,
/outerwear/outerwear-insulated-bibs-coveralls.html,No,301,,outerwear_insulated_bibs_coveralls,,
/outerwear/rainwear.html,No,301,,outerwear_rainwear,,
/outerwear/outerwear-hi-vis.html,No,301,,outerwear_hi_vis,,
/outerwear/outerwear-flame-resistant.html,No,301,,outerwear_flame_resistant,,
/outerwear/outerwear-sale.html,No,301,,outerwear_sale,,
/outerwear/outerwear-new.html,No,301,,outerwear_new,,
/uniforms/uniforms-shirts.html,No,301,,uniforms_shirts,,
/uniforms/uniforms-sweatshirts.html,No,301,,uniforms_sweatshirts,,
/uniforms/uniform-pants.html,No,301,,uniform_pants,,
/uniforms/uniforms-shorts.html,No,301,,uniforms_shorts,,
/uniforms/uniforms-jackets-coats.html,No,301,,uniforms_jackets_coats,,
/uniforms/uniforms-medical.html,No,301,,uniforms_medical,,
/uniforms/uniforms-hospitality.html,No,301,,uniforms_hospitality,,
/uniforms/uniforms-culinary.html,No,301,,uniforms_culinary,,
/uniforms/uniforms-featured-products.html,No,301,,uniforms_featured_products,,
/footwear/safety-toe-shoes/safety-toe-shoes-6in.html,No,301,,safety_toe_shoes_6in,,
/footwear/safety-toe-shoes/safety-toe-shoes-8in.html,No,301,,safety_toe_shoes_8in,,
/footwear/safety-toe-shoes/safety-toe-shoes-pull-on.html,No,301,,safety_toe_shoes_pull_on,,
/footwear/safety-toe-shoes/safety-toe-shoes-athletic.html,No,301,,safety_toe_shoes_athletic,,
/footwear/safety-toe-shoes/safety-toe-shoes-casual-dress.html,No,301,,safety_toe_shoes_casual_dress,,
/footwear/safety-toe-shoes/safety-toe-shoes-lowcut-hiker.html,No,301,,safety_toe_shoes_lowcut_hiker,,
/footwear/safety-toe-shoes/safety-toe-shoes-logger.html,No,301,,safety_toe_shoes_logger,,
/footwear/safety-toe-shoes/safety-toe-shoes-duty.html,No,301,,Safety_toe_shoes_duty,,
/footwear/metatarsal-guard/metatarsal-guard-6in.html,No,301,,metatarsal_guard_6in,,
/footwear/metatarsal-guard/metatarsal-guard-pull-on.html,No,301,,metatarsal_guard_pull_on,,
/footwear/metatarsal-guard/metatarsal-guard-casual-dress.html,No,301,,metatarsal_guard_casual_dress,,
/footwear/metatarsal-guard/metatarsal-guard-low-cut-hiker.html,No,301,,metatarsal_guard_low_cut_hiker,,
/footwear/work-shoes/work-shoes-6in.html,No,301,,work_shoes_6in,,
/footwear/work-shoes/work-shoes-8in.html,No,301,,work_shoes_8in,,
/footwear/work-shoes/work-shoes-pull-on.html,No,301,,work_shoes_pull_on,,
/footwear/work-shoes/work-shoes-athletic.html,No,301,,work_shoes_athletic,,
/footwear/work-shoes/work-shoes-casual-dress.html,No,301,,work_shoes_casual_dress,,
/footwear/work-shoes/work-shoes-lowcut-hiker.html,No,301,,work_shoes_lowcut_hiker,,
/footwear/work-shoes/work-shoes-logger.html,No,301,,work_shoes_logger,,
/footwear/work-shoes/slip-resistant-service-shoes.html,No,301,,slip_resistant_service_shoes,,
/footwear/work-shoes/work-shoes-duty.html,No,301,,work_shoes_duty,,
/workwear/workwear-shirts/shirts-short-sleeve.html,No,301,,shirts_short_sleeve,,
/workwear/workwear-shirts/shirts-long-sleeve.html,No,301,,shirts_long_sleeve,,
/outerwear/outerwear-insulated-bibs-coveralls/coveralls-short-sleeve.html,No,301,,coveralls_short_sleeve,,
/outerwear/outerwear-insulated-bibs-coveralls/coveralls-long-sleeve.html,No,301,,coveralls_long_sleeve,,
/workwear/workwear-hi-vis/hi-vis-shirts.html,No,301,,hi_vis_shirts,,
/workwear/workwear-hi-vis/hi-vis-vests.html,No,301,,hi_vis_vests,,
/workwear/workwear-flame-resistant/flame-resistant-shirts.html,No,301,,flame_resistant_shirts,,
/workwear/workwear-flame-resistant/flame-resistant-coveralls.html,No,301,,flame_resistant_coveralls,,
/outerwear/outerwear-flame-resistant/flame-resistant-sweatshirts.html,No,301,,flame_resistant_sweatshirts,,
/outerwear/outerwear-flame-resistant/flame-resistant-vests.html,No,301,,flame_resistant_vests,,
/outerwear/outerwear-flame-resistant/flame-resistant-jackets-coats.html,No,301,,flame_resistant_jackets_coats,,
/outerwear/outerwear-flame-resistant/flame-resistant-insulated-bibs-coveralls.html,No,301,,flame_resistant_insulated_bibs_coveralls,,
/outerwear/rainwear/rainwear-jackets.html,No,301,,outerwear_rainwear_jackets,,
/outerwear/rainwear/rainwear-pants.html,No,301,,rainwear_pants,,
/outerwear/rainwear/rainwear-bibs.html,No,301,,rainwear_bibs,,
/outerwear/outerwear-hi-vis/rainwear-hi-vis.html,No,301,,hi_vis_rainwear,,
/outerwear/outerwear-hi-vis/hi-vis-jacket-coats.html,No,301,,hi_vis_jacket_coats,,
/outerwear/outerwear-hi-vis/hi-vis-sweatshirts.html,No,301,,hi_vis_sweatshirts,,
/outerwear/outerwear-base-layers/shirts-base-layers.html,No,301,,shirts_base_layers,,
/outerwear/outerwear-base-layers/pants-base-layers.html,No,301,,pants_base_layers,,
/accessories/gifts.html,No,301,,gifts,,
/accessories/insoles.html,No,301,,insoles,,
/accessories/socks.html,No,301,,socks,,
/accessories/shoe-care-products.html,No,301,,shoe_care_products,,
/accessories/laces.html,No,301,,laces,,
/accessories/hi-vis-accessories.html,No,301,,accessories_hi_vis,,
/accessories/accessories-knit-hats.html,No,301,,accessories_knit_hats,,
/accessories/accessories-caps.html,No,301,,accessories_caps,,
/accessories/accessories-wallets.html,No,301,,accessories_wallets,,
/accessories/accessories-belts.html,No,301,,accessories_belts,,
/accessories/accessories-hospitality.html,No,301,,accessories_hospitality,,
/accessories/accessories-work-aprons.html,No,301,,accessories_work_aprons,,
/accessories/accessories-socks.html,No,301,,accessories_socks,,
/accessories/accessories-insoles.html,No,301,,accessories_insoles,,
/accessories/accessories-cooling.html,No,301,,accessories_cooling,,
/accessories/detached-hoods.html,No,301,,accessories_detached_hoods,,
/accessories/gloves.html,No,301,,gloves,,
/accessories/hard-hats.html,No,301,,hard_hats,,
/accessories/gifts/gifts-knit-hats.html,No,301,,gifts_knit_hats,,
/accessories/gifts/gifts-caps.html,No,301,,gifts_caps,,
/accessories/gifts/gifts-wallets.html,No,301,,gifts_wallets,,
/accessories/gifts/gifts-belts.html,No,301,,gifts_belts,,
/accessories/gloves/gloves-leather.html,No,301,,gloves_leather,,
/accessories/gloves/gloves-insulated.html,No,301,,gloves_insulated,,
/accessories/gloves/gloves-deterity.html,No,301,,gloves_dexterity,,
/footwear/metatarsal-guard/metatarsal-guard-athletic.html,No,301,,metatarsal_guard_athletic,,
/accessories/accessories-protection.html,No,301,,accessories_protection,,
/footwear/metatarsal-guard/metatarsal-guard-8in.html,No,301,,metatarsal_guard_8in,,
/workwear/workwear-pants/work-pants.html,No,301,,work_pants,,
/workwear/workwear-pants/pants-jeans.html,No,301,,pants_jeans,,
/uniforms/uniforms-culinary/culinary-chef-coats.html,No,301,,culinary_chef_coats,,
/uniforms/uniforms-culinary/culinary-pants.html,No,301,,culinary_pants,,
/uniforms/uniforms-culinary/culinary-cook-shirts.html,No,301,,culinary_cook_shirts,,
/uniforms/uniforms-culinary/culinary-aprons-hats.html,No,301,,culinary_aprons_hats,,
/footwear/safety-toe-shoes/safety-toe-shoes-rubber-boots.html,No,301,,safety_toe_shoes_rubber_boots,,
/footwear/work-shoes/work-shoes-rubber-boots.html,No,301,,work_shoes_rubber_boots,,
/uniforms/uniforms-shirts/short-sleeve.html,No,301,,uniforms_shirts_short_sleeve,,
/uniforms/uniforms-shirts/uniforms-long-sleeve-shirt.html,No,301,,uniforms_shirts_long_slleve,,
/workwear/workwear-pants/lined-pants.html,No,301,,pants_lined,,
/workwear/workwear-hi-vis/hi-vis-pants.html,No,301,,hi_vis_pants,,
/workwear/workwear-hi-vis/hi-vis-shorts.html,No,301,,hi_vis_shorts,,
/outerwear/outerwear-hi-vis/hi-vis-coveralls.html,No,301,,hi_vis_coveralls,,
/uniforms/uniforms-culinary/cuilary-accessories.html,No,301,,culinary_accessories,,
/footwear/work-shoes/work-shoes-duty/duty-8.html,No,301,,work_shoes_duty_8in,,
/footwear/work-shoes/work-shoes-duty/duty-6.html,No,301,,work_shoes_duty_6in,,
/footwear/safety-toe-shoes/safety-toe-shoes-duty/safety-toe-duty-8.html,No,301,,safety_toe_shoes_duty_8in,,
/footwear/safety-toe-shoes/safety-toe-shoes-duty/safety-toe-duty-6.html,No,301,,safety_toe_shoes_duty_6in,,
/footwear/work-shoes/slip-resistant-service-shoes/service-casual-dress.html,No,301,,slip_resistant_service_shoes_casual_dress,,
/uniforms/uniforms-hospitality/hospitality-pants.html,No,301,,hospitality_pants,,
/uniforms/uniforms-hospitality/hospitality-shirts.html,No,301,,hospitality_shirts,,
/footwear/metatarsal-guard/metataral-guard-athletic.html,No,301,,metataral_guard_athletic,,
/uniforms/uniforms-shirts/long-sleeve.html,No,301,,uniforms_shirts_long_sleeve,,
/brands/berne.html,No,301,,brands_berne,,
/brands/carhartt.html,No,301,,brands_carhartt,,
/brands/cat.html,No,301,,brands_cat,,
/brands/dickies.html,No,301,,brands_dickies,,
/brands/keen-utility.html,No,301,,brands_keen,,
/brands/timberland-pro.html,No,301,,brands_timberland_pro,,
/brands/ariat.html,No,301,,brands_ariat,,
/brands/georgia-boot.html,No,301,,brands_georgia_boot,,
/brands/thorogood.html,No,301,,brands_thorogood,,
/brands/rocky.html,No,301,,brands_rocky,,
/brands/carolina.html,No,301,,brands_carolina,,
/brands/wolverine.html,No,301,,brands_wolverine,,
/brands/reebok-work.html,No,301,,brands_reebok_work,,
/brands/stanley-boots.html,No,301,,brands_stanley_boots,,
/brands/avenger.html,No,301,,brands_avenger,,
/brands/bogs.html,No,301,,brands_bogs,,
/brands/rockport-work.html,No,301,,brands_rockport_work,,
/brands/florsheim-works.html,No,301,,brands_florsheim_work,,
/brands/iron-age.html,No,301,,brands_iron_age,,
/brands/mcrae.html,No,301,,brands_mcrae,,
/brands/tri-mountain.html,No,301,,brands_tri_mountain,,
/brands/san-mar.html,No,301,,brands_san_mar,,
/brands/red-kap.html,No,301,,brands_red_kap,,
/brands/charles-river.html,No,301,,brands_charles_river,,
/brands/tough-duck.html,No,301,,brands_tough_duck,,
/brands/fxd.html,No,301,,brands_fxd,,
/brands/railroad-socks.html,No,301,,brands_railroad_socks,,
/brands/occunomix.html,No,301,,brands_occunomix,,
/brands/dickies-chef.html,No,301,,brands_dickies_chef,,
/brands/cherokee.html,No,301,,brands_cherokee,,
/brands/puma.html,No,301,,brands_puma,,
/brands/justin.html,No,301,,brands_justin,,
/storefront.html,No,301,SFNT,,,
/category-display.html,Yes,200,CTGY,,,
/search.html,Yes,200,SRCH,,,
/product-list.html,Yes,200,PLST,,,
/product-display.html,Yes,200,PROD,,,
/not-found.html,Yes,200,NTFD,,,
/missing-product-attributes.html,Yes,200,PATR,,,
/basket-contents.html,Yes,200,BASK,,,
/checkout-basket-empty.html,Yes,200,BSKE,,,
/order-customer-login.html,Yes,200,ORDL,,,
/checkout-customer-information.html,Yes,200,OCST,,,
/checkout-minimum-purchase-required.html,Yes,200,OMIN,,,
/customer-log-in.html,Yes,200,LOGN,,,
/forgot-password.html,Yes,200,FPWD,,,
/change-password.html,Yes,200,CPWD,,,
/change-email-address.html,Yes,200,CEML,,,
/customer-create.html,Yes,200,ACAD,,,
/customer-edit.html,Yes,200,ACED,,,
/customer-account-balance.html,Yes,200,ABAL,,,
/redeem-gift-certificate-customer-login.html,Yes,200,GFTL,,,
/redeem-gift-certificate.html,Yes,200,RGFT,,,
/customer-password-reset.html,Yes,200,ACRT,,,
/affiliate-create.html,Yes,200,AFAD,,,
/affiliate-edit.html,Yes,200,AFED,,,
/affiliate-login.html,Yes,200,AFCL,,,
/product-sold-out.html,Yes,200,POUT,,,
/product-limited-stock.html,Yes,200,PLMT,,,
/upsell-missing-product-attributes-multiple.html,Yes,200,UATM,,,
/upsell-missing-product-attributes-single.html,Yes,200,UATR,,,
/checkout-upsell-product-single.html,Yes,200,OUS1,,,
/checkout-upsell-product-multiple.html,Yes,200,OUSM,,,
/checkout-shippingpayment-selection.html,Yes,200,OSEL,,,
/checkout-payment-information.html,Yes,200,OPAY,,,
/order-already-processed.html,Yes,200,OPRC,,,
/invoice.html,Yes,200,INVC,,,
/maintenance-mode.html,Yes,200,MNTN,,,
/lookup-order-history.html,Yes,200,ORHL,,,
/order-history-list.html,Yes,200,ORDH,,,
/order-status.html,Yes,200,ORDS,,,
/customer-account.html,Yes,200,ACLN,,,
/site-map.html,Yes,200,SMAP,,,
/about-us.html,Yes,200,ABUS,,,
/contact-us.html,Yes,200,CTUS,,,
/frequently-asked-questions.html,Yes,200,FAQS,,,
/privacy-policy.html,Yes,200,PRPO,,,
/shipping-and-return-policy.html,Yes,200,SARP,,,
/wish-list.html,Yes,200,WISH,,,
/wish-list-add.html,Yes,200,WLAD,,,
/wish-list-edit.html,Yes,200,WLED,,,
/wish-lists.html,Yes,200,WLST,,,
/wish-list-customer-login.html,Yes,200,WLGN,,,
/choose-wish-list.html,Yes,200,WPCK,,,
/customer-address-book.html,Yes,200,CABK,,,
/customer-address-add.html,Yes,200,CADA,,,
/customer-address-edit.html,Yes,200,CADE,,,
/customer-subscriptions.html,Yes,200,CSUB,,,
/customer-subscription-edit.html,Yes,200,CSBE,,,
/customer-payment-cards.html,Yes,200,CPCD,,,
/customer-payment-card-add.html,Yes,200,CPCA,,,
/customer-payment-card-edit.html,Yes,200,CPCE,,,
/paypal-express-checkout-return-screen.html,Yes,200,PPRS,,,
/shipping-estimate-rates.html,Yes,200,SERT,,,
/create-customer-account.html,Yes,200,CACT,,,
/our-catalog.html,Yes,200,CTLG,,,
/searchspring-feed.html,Yes,200,searchspring-feed,,,
/product-display-ng.html,Yes,200,PROD_NG,,,
/storefront-components-and-layouts.html,Yes,200,SFNT_CL,,,
/,Yes,200,SFNT,,,
/buttons.html,Yes,200,buttons,,,
